brand,model,fuel_type,aut,co2_g_km,l_per_100km,kwh_per_100km
SKODA,OCTAVIA,DIESEL,10811,119,4.6,
SKODA,OCTAVIA,PETROL,9043,132,5.5,
SKODA,FABIA,PETROL,8047,119,5.2,
TOYOTA,YARIS,PETROL,6477,105,4.4,
VOLKSWAGEN,GOLF,PETROL,6416,131,5.9,
OPEL,ASTRA,PETROL,6164,136,5.5,
VOLKSWAGEN,PASSAT,DIESEL,5763,128,5.1,
RENAULT,CLIO,PETROL,5067,121,5.0,
TOYOTA,AURIS,PETROL,4498,108,4.8,
VOLKSWAGEN,GOLF,DIESEL,4433,113,4.6,
DACIA,DUSTER,PETROL,4325,151,5.9,
FORD,FOCUS,DIESEL,4216,112,4.6,
NISSAN,QASHQAI,PETROL,4159,143,6.0,
OPEL,CORSA,PETROL,3995,127,5.2,
DACIA,SANDERO,PETROL,3914,129,5.5,
FORD,FOCUS,PETROL,3562,131,5.6,
SKODA,SUPERB,DIESEL,3391,136,5.3,
RENAULT,MEGANE,DIESEL,3289,111,4.6,
OPEL,ASTRA,DIESEL,3282,114,4.8,
TOYOTA,COROLLA,PETROL,3049,114,4.8,
RENAULT,MEGANE,PETROL,3028,142,6.0,
FORD,MONDEO,DIESEL,2941,131,5.2,
VOLKSWAGEN,PASSAT,PETROL,2882,142,6.2,
DACIA,DUSTER,DIESEL,2845,130,5.0,
NISSAN,QASHQAI,DIESEL,2839,121,4.6,
SKODA,RAPID,PETROL,2749,116,4.6,
OPEL,INSIGNIA,DIESEL,2429,132,5.0,
HONDA,CIVIC,PETROL,2251,141,5.5,
RENAULT,CLIO,DIESEL,2211,98,4.1,
VOLVO,XC60,DIESEL,2173,153,6.2,
SKODA,FABIA,DIESEL,2128,104,4.7,
FORD,FIESTA,PETROL,2114,119,5.1,
KIA,CEED,PETROL,2084,137,5.8,
TOYOTA,AVENSIS,PETROL,2044,150,6.5,
HYUNDAI,I30,PETROL,2020,139,5.9,
SEAT,LEON,PETROL,2008,129,5.5,
SKODA,SUPERB,PETROL,1994,155,6.4,
PEUGEOT,308,DIESEL,1950,109,4.7,
VOLKSWAGEN,POLO,PETROL,1821,121,5.4,
TOYOTA,AURIS,PETROL/ELECTRIC,1772,88,3.8,
CITROEN,C4,DIESEL,1714,113,4.8,
RENAULT,CAPTUR,PETROL,1686,127,5.4,
OPEL,INSIGNIA,PETROL,1637,163,7.8,
NISSAN,JUKE,PETROL,1544,140,5.6,
MAZDA,3,PETROL,1521,132,5.8,
KIA,SPORTAGE,PETROL,1497,162,6.3,
CITROEN,C3,PETROL,1492,125,5.6,
KIA,CEED,DIESEL,1443,114,4.6,
MAZDA,6,PETROL,1425,151,7.2,
SKODA,CITIGO,PETROL,1399,104,4.5,
SKODA,RAPID,DIESEL,1373,107,4.1,
DACIA,LOGAN,PETROL,1366,132,5.2,
PEUGEOT,PARTNER,DIESEL,1365,126,5.4,
TOYOTA,YARIS,PETROL/ELECTRIC,1360,81,4.4,4.0
VOLKSWAGEN,TIGUAN,PETROL,1355,161,6.9,
AUDI,A6,DIESEL,1335,147,5.9,
SEAT,IBIZA,PETROL,1333,122,5.3,
TOYOTA,AURIS,DIESEL,1288,114,6.5,
SKODA,FABIA,LPG,1277,111,5.1,
VOLKSWAGEN,UP!,PETROL,1271,105,5.0,
TOYOTA,COROLLA,PETROL/ELECTRIC,1263,104,4.7,4.1
HYUNDAI,I20,PETROL,1261,121,5.3,
NISSAN,MICRA,PETROL,1252,120,5.4,
TOYOTA,AYGO,PETROL,1248,104,4.9,
TOYOTA,COROLLA,DIESEL,1236,107,4.1,
TOYOTA,AVENSIS,DIESEL,1233,129,4.9,
FORD,MONDEO,PETROL,1201,152,5.1,
VOLKSWAGEN,TIGUAN,DIESEL,1166,151,5.8,
TOYOTA,C-HR,PETROL/ELECTRIC,1160,26,0.9,15.1
DACIA,LODGY,PETROL,1148,143,6.3,
KIA,VENGA,PETROL,1126,146,6.3,
TOYOTA,RAV4,PETROL,1124,133,5.7,
FIAT,500,PETROL,1108,117,4.8,
MAZDA,CX-5,PETROL,1045,160,7.1,
RENAULT,KADJAR,PETROL,1044,139,6.1,
PEUGEOT,208,PETROL,1025,114,5.1,
HYUNDAI,TUCSON,PETROL,1019,158,6.1,
SUZUKI,SX4,PETROL,1017,135,5.6,
PEUGEOT,5008,DIESEL,1013,135,5.4,
RENAULT,TRAFIC,DIESEL,1007,174,7.1,
DACIA,DOKKER,PETROL,992,149,6.0,
KIA,SPORTAGE,DIESEL,990,144,5.2,
DACIA,DOKKER,DIESEL,984,120,4.5,
AUDI,Q5,DIESEL,980,164,6.2,
BMW,X3,DIESEL,973,156,6.0,
DACIA,DUSTER,LPG,967,139,6.9,
MITSUBISHI,ASX,PETROL,967,142,5.7,
FIAT,TIPO,PETROL,962,145,5.6,
KIA,RIO,PETROL,951,120,5.4,
PEUGEOT,3008,DIESEL,929,129,5.1,
CITROEN,C4,PETROL,926,124,5.5,
SUZUKI,SWIFT,PETROL,913,116,4.8,
BMW,520D,DIESEL,908,131,5.3,
TOYOTA,RAV4,PETROL/ELECTRIC,905,27,1.1,16.8
HONDA,CR-V,PETROL,865,174,6.5,
CITROEN,BERLINGO,DIESEL,852,133,5.3,
PEUGEOT,308,PETROL,850,127,5.5,
SUZUKI,VITARA,PETROL,850,133,5.5,
BMW,X5,DIESEL,848,182,7.1,
MINI,COOPER,PETROL,845,133,5.9,
VOLKSWAGEN,CADDY,DIESEL,842,145,5.2,
AUDI,A4,DIESEL,818,130,5.2,
PEUGEOT,508,DIESEL,791,120,4.8,
FIAT,PANDA,PETROL,763,122,5.0,
HYUNDAI,I30,DIESEL,749,111,4.6,
SKODA,OCTAVIA,LPG,744,142,5.8,
FORD,S-MAX,DIESEL,744,150,6.2,
NISSAN,NOTE,PETROL,733,123,5.3,
OPEL,MOKKA,PETROL,708,147,5.7,
MAZDA,CX-3,PETROL,702,145,6.3,
AUDI,A4,PETROL,690,148,6.7,
TOYOTA,VERSO,PETROL,682,149,5.2,
HYUNDAI,IX35,PETROL,667,163,7.0,
FORD,TOURNEO,DIESEL,666,169,7.1,
MERCEDES-BENZ,GLC,DIESEL,662,153,5.7,
VOLKSWAGEN,TOURAN,PETROL,654,145,6.6,
BMW,320D,DIESEL,654,129,5.2,
RENAULT,KANGOO,DIESEL,653,128,5.3,
SEAT,LEON,DIESEL,643,113,4.5,
MITSUBISHI,OUTLANDER,PETROL,642,155,7.3,
VOLVO,V60,DIESEL,641,131,5.6,
AUDI,A3,PETROL,634,128,5.6,
DACIA,DOKKER,LPG,630,149,,
MERCEDES-BENZ,E 220,DIESEL,628,133,5.4,
FIAT,PUNTO,PETROL,622,127,5.5,
VOLKSWAGEN,JETTA,DIESEL,603,115,4.4,
VOLVO,V40,DIESEL,596,101,5.0,
CITROEN,C5,DIESEL,574,142,5.3,
FORD,FIESTA,DIESEL,573,102,3.6,
VOLVO,XC60,PETROL,573,183,7.5,
DACIA,LODGY,LPG,561,147,7.0,
HONDA,JAZZ,PETROL,559,122,4.5,
OPEL,ASTRA,LPG,556,134,,
MERCEDES-BENZ,CLA,PETROL,538,142,6.3,
OPEL,CORSA,LPG,538,122,5.1,
RENAULT,TALISMAN,PETROL,536,144,6.3,
MERCEDES-BENZ,GLC,PETROL,535,183,7.5,
KIA,PICANTO,PETROL,535,111,5.1,
JEEP,RENEGADE,PETROL,535,150,6.1,
NISSAN,X-TRAIL,DIESEL,532,147,6.0,
DACIA,LODGY,DIESEL,527,116,4.7,
CHEVROLET,AVEO,PETROL,520,132,5.7,
MERCEDES-BENZ,GLA,PETROL,518,156,6.9,
SKODA,KODIAQ,DIESEL,517,163,5.9,
MITSUBISHI,LANCER,PETROL,514,152,6.6,
SUBARU,FORESTER,PETROL,512,175,8.0,
TOYOTA,C-HR,PETROL,506,109,4.9,
FORD,KUGA,PETROL,502,161,5.9,
VOLKSWAGEN,JETTA,PETROL,496,128,5.5,
BMW,X1,DIESEL,494,135,5.1,
SKODA,YETI,PETROL,492,144,6.2,
RENAULT,TALISMAN,DIESEL,485,118,5.7,
VOLVO,V40,PETROL,484,138,5.9,
FORD,KUGA,DIESEL,480,145,5.0,
BMW,320I,PETROL,475,151,6.7,
VOLVO,XC90,DIESEL,473,182,6.8,
MERCEDES-BENZ,C 200,PETROL,462,148,6.8,
PEUGEOT,2008,PETROL,461,123,5.5,
VOLKSWAGEN,T-ROC,PETROL,460,144,6.2,
VOLKSWAGEN,KOMBI,DIESEL,453,188,7.4,
AUDI,Q3,DIESEL,451,144,5.5,
BMW,X3,PETROL,450,196,8.0,
VOLKSWAGEN,TOURAN,DIESEL,442,132,5.4,
HYUNDAI,I10,PETROL,434,116,5.1,
TOYOTA,YARIS,DIESEL,433,103,3.9,
OPEL,MERIVA,PETROL,432,145,6.1,
BMW,318D,DIESEL,423,123,4.9,
MERCEDES-BENZ,A 180,PETROL,422,134,6.0,
HYUNDAI,IX20,PETROL,421,144,6.2,
HONDA,HR-V,PETROL,412,135,5.3,
RENAULT,KOLEOS,DIESEL,410,165,6.5,
ALFA ROMEO,ALFA GIULIETTA,PETROL,407,146,7.1,
SKODA,ROOMSTER,PETROL,404,139,6.0,
KIA,OPTIMA,DIESEL,395,126,5.0,
BMW,X1,PETROL,390,150,6.4,
RENAULT,LAGUNA,DIESEL,385,131,5.0,
SEAT,ALHAMBRA,DIESEL,383,150,6.0,
AUDI,A5,PETROL,382,154,6.9,
TOYOTA,PRIUS,PETROL/ELECTRIC,379,47,0.8,9.5
DACIA,LOGAN,LPG,379,115,6.4,
MAZDA,2,PETROL,378,115,4.6,
FORD,KA,PETROL,376,119,5.1,
SUZUKI,BALENO,PETROL,374,107,4.6,
HYUNDAI,I40,DIESEL,372,126,4.8,
MERCEDES-BENZ,C 180,PETROL,370,149,6.7,
KIA,OPTIMA,PETROL,367,170,7.7,
DACIA,SANDERO,DIESEL,362,108,4.2,
SKODA,KODIAQ,PETROL,353,169,7.1,
AUDI,Q7,DIESEL,353,188,7.9,
DACIA,LOGAN,DIESEL,346,107,3.9,
LAND ROVER,RANGE ROVER,DIESEL,341,178,7.0,
DACIA,SANDERO,LPG,336,118,6.5,
LAND ROVER,RANGE ROVER,PETROL,336,246,10.0,
SKODA,KAROQ,PETROL,335,146,6.2,
VOLKSWAGEN,SHARAN,DIESEL,333,150,6.2,
VOLKSWAGEN,ARTEON,PETROL,330,167,7.5,
BMW,318I,PETROL,330,146,6.6,
OPEL,VIVARO,DIESEL,330,172,6.8,
CHEVROLET,CRUZE,PETROL,328,155,6.7,
OPEL,ZAFIRA,DIESEL,328,137,7.1,
LEXUS,NX300H,PETROL/ELECTRIC,326,119,5.1,
TOYOTA,CAMRY,PETROL,322,122,5.3,
HYUNDAI,TUCSON,DIESEL,321,138,5.0,
CITROEN,C-ELYSEE,PETROL,318,116,5.0,
BMW,118I,PETROL,318,138,5.8,
HONDA,ACCORD,PETROL,318,178,7.7,
VOLKSWAGEN,ARTEON,DIESEL,317,142,5.4,
MERCEDES-BENZ,B 180,DIESEL,313,118,5.1,
RENAULT,TWINGO,PETROL,311,113,5.1,
PORSCHE,MACAN,PETROL,306,224,10.3,
CITROEN,C3,DIESEL,299,107,4.4,
PEUGEOT,3008,PETROL,294,140,5.9,
AUDI,A3,DIESEL,290,114,4.7,
VOLVO,S60,PETROL,284,158,6.6,
AUDI,Q3,PETROL,283,159,7.0,
HYUNDAI,ELANTRA,PETROL,275,149,6.1,
AUDI,Q2,PETROL,273,137,6.1,
MERCEDES-BENZ,A 200,PETROL,273,139,6.0,
PEUGEOT,508,PETROL,267,149,6.2,
BMW,530I,PETROL,264,160,7.0,
FORD,TRANSIT,DIESEL,263,187,7.6,
CHEVROLET,SPARK,PETROL,260,119,5.1,
VOLKSWAGEN,CADDY,PETROL,260,152,6.6,
HYUNDAI,IX35,DIESEL,260,147,5.6,
AUDI,A6,PETROL,260,172,7.8,
TOYOTA,RAV4,DIESEL,260,149,5.6,
FORD,C-MAX,PETROL,260,137,5.9,
OPEL,ZAFIRA,PETROL,259,161,6.9,
NISSAN,JUKE,DIESEL,257,114,4.9,
FORD,GALAXY,DIESEL,256,150,6.4,
FORD,MUSTANG,PETROL,255,259,11.8,
JEEP,COMPASS,PETROL,253,161,6.1,
KIA,SORENTO,DIESEL,252,177,6.5,
RENAULT,KADJAR,DIESEL,250,114,4.9,
HYUNDAI,I20,LPG,249,117,6.6,
PEUGEOT,301,PETROL,247,133,5.7,
KIA,STONIC,PETROL,246,131,5.5,
RENAULT,FLUENCE,PETROL,244,156,6.7,
VOLKSWAGEN,POLO,DIESEL,240,102,4.1,
AUDI,A1,PETROL,238,121,5.7,
OPEL,CORSA,DIESEL,237,105,4.0,
JEEP,GRAND CHEROKEE,DIESEL,234,208,9.5,
VOLVO,XC40,PETROL,233,164,6.8,
FORD,S-MAX,PETROL,232,171,6.3,
AUDI,Q5,PETROL,232,180,7.9,
VOLVO,V90,DIESEL,231,146,6.1,
PEUGEOT,208,DIESEL,229,96,4.1,
MITSUBISHI,OUTLANDER,DIESEL,229,156,5.9,
MITSUBISHI,COLT,PETROL,227,122,5.0,
ALFA ROMEO,STELVIO,PETROL,227,198,8.8,
HYUNDAI,I20,DIESEL,226,102,3.9,
MERCEDES-BENZ,VITO,DIESEL,225,188,7.3,
SKODA,CITIGO,LPG,221,103,,
BMW,330I,PETROL,220,159,7.0,
PEUGEOT,RIFTER,DIESEL,218,148,5.3,
KIA,CARENS,PETROL,218,153,6.6,
RENAULT,ESPACE,DIESEL,217,146,6.3,
VOLVO,S60,DIESEL,215,123,4.6,
RENAULT,SCENIC,PETROL,215,143,6.5,
MERCEDES-BENZ,V-KLASSE,DIESEL,213,191,7.8,
AUDI,A5,DIESEL,213,137,5.2,
SKODA,YETI,DIESEL,210,144,5.5,
OPEL,COMBO,DIESEL,209,146,5.3,
VOLVO,V50,DIESEL,209,115,4.4,
FORD,B-MAX,PETROL,209,126,5.4,
LAND ROVER,DISCOVERY,DIESEL,206,183,7.0,
RENAULT,CAPTUR,DIESEL,204,104,4.4,
SKODA,RAPID,LPG,204,109,,
MINI,COUNTRYMAN,PETROL,203,150,6.4,
VOLVO,XC70,DIESEL,202,162,6.1,
SEAT,ATECA,PETROL,200,146,6.4,
TOYOTA,VERSO,DIESEL,195,130,4.9,
RENAULT,FLUENCE,DIESEL,194,118,4.5,
TOYOTA,PROACE,DIESEL,193,167,6.3,
CITROEN,C1,PETROL,192,102,4.7,
BMW,I3,ELECTRIC,190,0,,14.2
FIAT,TIPO,LPG,187,136,6.7,
SMART,FORTWO,PETROL,185,104,5.0,
LEXUS,NX300H,PETROL,183,143,7.1,
NISSAN,PULSAR,PETROL,182,118,5.1,
SEAT,ARONA,PETROL,181,127,5.5,
PEUGEOT,5008,PETROL,180,146,6.2,
VOLKSWAGEN,TOUAREG,DIESEL,179,198,8.2,
VOLVO,V60,PETROL,178,156,6.5,
SKODA,KAROQ,DIESEL,175,147,5.2,
BMW,X4 XDRIVE20D,DIESEL,174,150,5.8,
PEUGEOT,207,PETROL,174,144,6.2,
MAZDA,6,DIESEL,170,127,5.9,
LEXUS,CT200H,PETROL/ELECTRIC,167,87,3.7,
MINI,ONE,PETROL,166,125,5.5,
TOYOTA,LAND CRUISER,DIESEL,165,228,9.8,
RENAULT,SCENIC,DIESEL,162,121,5.1,
RENAULT,ESPACE,PETROL,160,130,4.8,
OPEL,CROSSLAND,PETROL,159,135,5.9,
MERCEDES-BENZ,GLE 350 D 4MATIC,DIESEL,159,194,7.9,
MERCEDES-BENZ,GLK 220 CDI 4MATIC,DIESEL,159,166,6.3,
FORD,C-MAX,DIESEL,158,120,4.5,
HYUNDAI,I40,PETROL,158,152,6.6,
VOLVO,S90,DIESEL,158,132,5.8,
HONDA,CR-V,DIESEL,158,144,4.9,
SUBARU,XV,PETROL,157,164,7.8,
MINI,COOPER,DIESEL,156,116,5.3,
BMW,525D,DIESEL,155,143,5.4,
FORD,FUSION,PETROL,154,156,6.7,
LEXUS,RX450H,PETROL,153,151,7.5,
MERCEDES-BENZ,E 200,PETROL,153,162,7.3,
MERCEDES-BENZ,C 220,DIESEL,153,127,5.0,
SUZUKI,JIMNY,PETROL,153,168,7.4,
PEUGEOT,207,DIESEL,152,112,4.5,
PEUGEOT,EXPERT,DIESEL,152,170,6.7,
MITSUBISHI,SPACE STAR,PETROL,152,108,5.1,
FORD,GRAND C-MAX,DIESEL,151,128,4.9,
VOLKSWAGEN,MULTIVAN,DIESEL,149,196,7.2,
VOLVO,V70,DIESEL,147,136,5.1,
BMW,518D,DIESEL,146,124,4.6,
ALFA ROMEO,ALFA MITO,PETROL,144,130,5.6,
NISSAN,X-TRAIL,PETROL,144,153,6.4,
MITSUBISHI,ASX,DIESEL,142,139,5.3,
SKODA,ROOMSTER,DIESEL,141,124,4.7,
MITSUBISHI,ECLIPSE CROSS,PETROL,140,178,5.3,
MINI,CLUBMAN COOPER,PETROL,138,139,6.2,
FORD,ECOSPORT,PETROL,137,140,5.6,
MAZDA,MX-5,PETROL,137,157,6.6,
PORSCHE,CAYENNE,PETROL,136,253,11.4,
AUDI,A7,DIESEL,134,159,6.2,
BMW,116I,PETROL,133,130,5.8,
MAZDA,CX-5,DIESEL,133,142,6.2,
RENAULT,LAGUNA,PETROL,133,187,8.0,
VOLVO,XC90,PETROL,132,198,7.9,
SUZUKI,GRAND VITARA,PETROL,132,204,7.3,
MERCEDES-BENZ,E 250,PETROL,131,162,7.0,
FIAT,500L,PETROL,131,152,6.9,
ALFA ROMEO,GIULIA,PETROL,130,176,8.1,
BMW,530D,DIESEL,130,155,5.8,
OPEL,GRANDLAND,PETROL,130,144,6.1,
FORD,KA+,PETROL,129,117,5.1,
TOYOTA,AURIS,LPG,128,127,,
PEUGEOT,107,PETROL,128,102,4.3,
KIA,NIRO,PETROL/ELECTRIC,127,48,1.1,11.9
MERCEDES-BENZ,A 160,PETROL,127,141,5.9,
NISSAN,QASHQAI+2,DIESEL,127,144,5.5,
RENAULT,MEGANE,LPG,126,145,5.2,
CITROEN,DS4,DIESEL,125,120,4.5,
FIAT,PANDA,DIESEL,124,112,6.9,
CHEVROLET,CAPTIVA,DIESEL,123,190,7.2,
CITROEN,JUMPY,DIESEL,122,170,6.7,
PORSCHE,CAYENNE,DIESEL,120,193,7.3,
TOYOTA,PRIUS,PETROL,120,97,5.3,
KIA,SOUL,PETROL,120,156,6.7,
CHEVROLET,CRUZE,DIESEL,119,138,5.2,
CHEVROLET,CRUZE,LPG,119,145,,
RENAULT,THALIA,PETROL,118,139,6.0,
FIAT,BRAVO,PETROL,118,146,6.3,
SUZUKI,ALTO,PETROL,117,102,4.4,
VOLVO,XC40,DIESEL,117,159,5.0,
CITROEN,BERLINGO,PETROL,116,151,6.5,
VOLKSWAGEN,CC,PETROL,116,162,7.0,
HYUNDAI,KONA,PETROL,114,133,5.3,
KIA,PROCEED,PETROL,113,149,6.4,
SEAT,IBIZA,DIESEL,112,105,4.5,
NISSAN,LEAF,ELECTRIC,112,0,,17.9
VOLKSWAGEN,CARAVELLE,DIESEL,111,204,7.9,
VOLVO,S80,DIESEL,111,143,5.4,
VOLVO,S40,DIESEL,111,118,4.5,
LEXUS,CT200H,PETROL,110,97,4.9,
JEEP,RENEGADE,DIESEL,110,137,5.0,
OPEL,ADAM,PETROL,109,126,6.4,
TOYOTA,AVENSIS,LPG,109,141,,
JEEP,COMPASS,DIESEL,107,156,5.3,
AUDI,A5,PETROL/ELECTRIC,104,57,2.4,15.5
BMW,430I,PETROL,104,159,7.2,
AUDI,S3 SPORTBACK,PETROL,102,171,8.2,
SUBARU,LEGACY,DIESEL,102,161,6.1,
VOLKSWAGEN,CC,DIESEL,101,129,4.9,
FORD,GRAND C-MAX,PETROL,101,143,6.2,
CITROEN,C5,PETROL,101,151,6.1,
FIAT,DOBLO,DIESEL,101,143,5.5,
CHEVROLET,ORLANDO,PETROL,99,168,7.2,
JEEP,GRAND CHEROKEE,PETROL,99,322,13.0,
AUDI,Q7,DIESEL/ELECTRIC,98,52,8.0,18.7
FIAT,FREEMONT,DIESEL,98,180,6.8,
BMW,X5,PETROL,97,240,10.4,
SUZUKI,CELERIO,PETROL,97,98,4.2,
SEAT,MII,PETROL,96,104,4.5,
SUBARU,FORESTER,DIESEL,96,160,6.1,
VOLKSWAGEN,BEETLE,PETROL,96,137,5.9,
FORD,FOCUS,LPG,95,132,4.2,
SUZUKI,SPLASH,PETROL,94,118,5.1,
FIAT,500X,PETROL,92,147,6.1,
AUDI,Q8,DIESEL,92,223,8.3,
MERCEDES-BENZ,A 180,DIESEL,92,113,5.0,
PEUGEOT,PARTNER,PETROL,91,140,6.0,
SUBARU,OUTBACK,PETROL,90,188,8.5,
BMW,118D,DIESEL,90,120,4.8,
CHEVROLET,ORLANDO,LPG,89,156,,
TOYOTA,COROLLA,LPG,89,131,5.3,
SEAT,TOLEDO,PETROL,89,116,5.0,
MERCEDES-BENZ,B 180,PETROL,88,140,6.1,
OPEL,MERIVA,LPG,87,126,,
BMW,120I,PETROL,86,148,6.2,
RENAULT,CLIO,LPG,86,114,6.3,
AUDI,A8,DIESEL,86,176,7.3,
PORSCHE,911 CARRERA,PETROL,85,219,10.5,
TOYOTA,YARIS,LPG,84,105,4.6,
MERCEDES-BENZ,ML 350 BLUETEC 4MATIC,DIESEL,84,191,7.4,
MERCEDES-BENZ,SPRINTER,DIESEL,84,221,10.8,
HYUNDAI,SANTA FE,DIESEL,84,177,6.6,
MERCEDES-BENZ,C 200,DIESEL,84,130,4.8,
FIAT,PANDA,LPG,83,120,6.1,
PEUGEOT,301,DIESEL,83,107,4.4,
MITSUBISHI,PAJERO,DIESEL,83,228,8.7,
FIAT,SEDICI,PETROL,82,147,6.3,
BMW,X2 SDRIVE18I,PETROL,80,150,6.2,
FIAT,TIPO,DIESEL,80,111,4.5,
JAGUAR,XF,DIESEL,79,146,5.5,
SKODA,SCALA,PETROL,78,126,5.4,
VOLKSWAGEN,SCIROCCO,PETROL,78,151,6.5,
MERCEDES-BENZ,VIANO,DIESEL,78,221,8.6,
PEUGEOT,2008,DIESEL,77,107,4.6,
KIA,RIO,LPG,77,114,5.0,
SUBARU,LEGACY,PETROL,77,181,7.8,
JEEP,WRANGLER,PETROL,76,261,11.2,
SEAT,ALHAMBRA,PETROL,76,173,8.3,
JAGUAR,F-PACE,DIESEL,76,158,6.5,
RENAULT,MASTER,DIESEL,75,203,10.4,
CHEVROLET,ORLANDO,DIESEL,75,163,6.2,
NISSAN,NOTE,DIESEL,74,100,3.8,
CITROEN,DS3,PETROL,74,132,5.9,
VOLVO,C30,DIESEL,74,114,4.3,
OPEL,MOKKA,DIESEL,73,121,4.5,
KIA,VENGA,DIESEL,73,119,4.5,
JAGUAR,E-PACE,PETROL,73,206,8.3,
MINI,COUNTRYMAN,DIESEL,72,132,4.9,
LANCIA,YPSILON,PETROL,72,121,4.9,
BMW,420D,DIESEL,71,127,5.1,
RENAULT,KANGOO,PETROL,71,159,6.9,
OPEL,GRANDLAND,DIESEL,71,134,5.1,
MERCEDES-BENZ,E 200,DIESEL,70,133,5.1,
BMW,540I XDRIVE,PETROL,69,185,8.0,
MAZDA,5,PETROL,69,170,7.3,
VOLKSWAGEN,SHARAN,PETROL,69,176,8.4,
FIAT,PUNTO,LPG,69,116,,
BMW,218D,DIESEL,68,121,4.9,
BMW,X6 XDRIVE40D,DIESEL,68,187,7.1,
CITROEN,DS5,DIESEL,68,123,4.7,
NISSAN,QASHQAI+2,PETROL,68,176,7.6,
SMART,FORFOUR,PETROL,68,107,4.6,
KIA,CARENS,DIESEL,67,128,4.8,
VOLVO,S80,PETROL,67,197,8.5,
MERCEDES-BENZ,C 300,PETROL,67,168,7.2,
MERCEDES-BENZ,GLE 250 D 4MATIC,DIESEL,66,155,5.9,
MERCEDES-BENZ,B 200,PETROL,66,142,6.2,
SUZUKI,IGNIS,PETROL,65,115,5.2,
BMW,X6 XDRIVE30D,DIESEL,65,181,6.8,
VOLVO,S40,PETROL,65,175,7.5,
CHEVROLET,AVEO,LPG,65,117,,
KIA,RIO,DIESEL,64,101,3.8,
MERCEDES-BENZ,A 250,PETROL,64,156,6.9,
FORD,TOURNEO,PETROL,63,140,6.8,
JEEP,CHEROKEE,DIESEL,63,163,8.1,
HYUNDAI,I30,LPG,63,135,5.8,
FIAT,BRAVO,DIESEL,63,122,4.6,
AUDI,A7,PETROL,62,179,7.6,
HONDA,CR-V,LPG,61,175,5.3,
SKODA,ROOMSTER,LPG,61,148,,
LAND ROVER,DISCOVERY,PETROL,60,220,9.2,
MERCEDES-BENZ,S 350 D 4MATIC,DIESEL,59,170,6.9,
BMW,740D XDRIVE,DIESEL,58,160,6.3,
FIAT,QUBO,DIESEL,58,117,4.9,
AUDI,A1,DIESEL,58,99,7.3,
CITROEN,C-ELYSEE,DIESEL,57,105,4.4,
KIA,NIRO,PETROL,57,103,4.5,
VOLKSWAGEN,T-CROSS,PETROL,56,137,5.8,
SEAT,IBIZA,LPG,56,121,5.2,
PEUGEOT,407,DIESEL,55,142,5.4,
JEEP,WRANGLER,DIESEL,55,228,9.0,
FIAT,PUNTO,DIESEL,55,106,3.4,
AUDI,SQ7,DIESEL,54,210,9.4,
HONDA,CIVIC,DIESEL,54,106,3.5,
OPEL,KARL,PETROL,53,113,6.2,
BMW,520I,PETROL,53,152,6.2,
MERCEDES-BENZ,S 500 4MATIC,PETROL,51,218,8.7,
SEAT,ALTEA,DIESEL,51,128,4.8,
FORD,MONDEO,LPG,51,149,,
BMW,316I,PETROL,51,138,6.0,
MITSUBISHI,OUTLANDER,LPG,49,152,7.1,
OPEL,MOKKA,LPG,48,139,,
ALFA ROMEO,159,DIESEL,48,145,5.5,
FIAT,SCUDO,DIESEL,48,186,7.3,
JAGUAR,F-PACE,PETROL,48,216,10.3,
BMW,218I,PETROL,48,136,6.1,
HONDA,CIVIC,LPG,47,144,5.8,
OPEL,MERIVA,DIESEL,47,129,4.9,
OPEL,ZAFIRA,LPG,46,146,,
FIAT,QUBO,PETROL,45,163,7.0,
FORD,GALAXY,PETROL,45,172,6.4,
RENAULT,FLUENCE,LPG,45,151,,
FORD,EDGE,DIESEL,45,164,7.1,
MERCEDES-BENZ,C 250,PETROL,45,147,6.3,
VOLVO,V90,PETROL,45,173,7.4,
BMW,116D,DIESEL,44,111,4.5,
SEAT,TOLEDO,DIESEL,43,110,4.2,
AUDI,S3 LIMOUSINE,PETROL,43,169,7.9,
JEEP,CHEROKEE,PETROL,43,233,9.9,
SSANGYONG,TIVOLI,PETROL,43,162,7.2,
MINI,JOHN COOPER WORKS,PETROL,43,155,6.8,
AUDI,A6,PETROL/ELECTRIC,42,38,1.7,19.1
PEUGEOT,301,LPG,42,113,,
OPEL,COMBO,PETROL,42,157,6.6,
SEAT,ALTEA,PETROL,41,146,7.3,
MERCEDES-BENZ,CITAN,DIESEL,41,127,5.5,
FIAT,FREEMONT,PETROL,41,256,11.0,
BMW,730D,DIESEL,41,153,6.1,
FIAT,DOBLO,PETROL,41,177,6.5,
TOYOTA,RAV4,LPG,41,156,5.5,
ALFA ROMEO,GIULIETTA,PETROL,41,139,7.3,
NISSAN,QASHQAI,LPG,40,138,,
VOLVO,S90,PETROL,40,162,6.6,
CITROEN,DS4,PETROL,40,145,6.1,
ALFA ROMEO,ALFA GIULIETTA,DIESEL,39,113,5.0,
MERCEDES-BENZ,B 200,DIESEL,39,124,5.1,
LEXUS,IS300H,PETROL,38,111,5.8,
MERCEDES-BENZ,S 400 D 4MATIC,DIESEL,38,181,7.2,
VOLVO,XC70,PETROL,38,204,8.8,
KIA,VENGA,LPG,38,138,,
OPEL,INSIGNIA,LPG,38,130,,
BMW,120D,DIESEL,38,125,4.8,
LAND ROVER,FREELANDER,DIESEL,38,178,6.7,
KIA,CEED,LPG,38,136,6.1,
BMW,640D,DIESEL,37,154,6.5,
OPEL,ANTARA,DIESEL,37,184,7.0,
TOYOTA,VERSO,LPG,37,154,,
BMW,530E,PETROL/ELECTRIC,37,41,2.6,17.2
PORSCHE,MACAN,DIESEL,36,161,6.1,
LANCIA,DELTA,DIESEL,36,125,4.7,
LEXUS,IS300H,PETROL/ELECTRIC,36,104,4.5,
VOLVO,XC90,PETROL/ELECTRIC,35,53,1.6,18.9
MAZDA,3,DIESEL,35,115,4.8,
AUDI,Q5,PETROL/ELECTRIC,35,48,1.9,20.6
VOLVO,C30,PETROL,35,174,7.5,
SUBARU,IMPREZA,PETROL,34,177,7.5,
MERCEDES-BENZ,AMG C 43,PETROL,34,203,9.4,
BMW,316D,DIESEL,34,118,4.7,
MERCEDES-BENZ,E 350 CDI,DIESEL,34,184,7.0,
NISSAN,NV200,DIESEL,34,135,5.1,
JAGUAR,XE,PETROL,34,176,8.3,
JAGUAR,XF,PETROL,34,211,8.5,
LANCIA,VOYAGER,DIESEL,33,207,7.8,
KIA,SOUL,DIESEL,33,137,5.2,
AUDI,TT,PETROL,33,158,7.7,
CITROEN,C-ELYSEE,LPG,33,120,,
MERCEDES-BENZ,G 500,PETROL,32,325,14.3,
AUDI,A8,PETROL,32,214,10.1,
LAND ROVER,RANGE ROVER,PETROL/ELECTRIC,32,51,1.9,24.3
SUBARU,FORESTER,LPG,32,168,,
MITSUBISHI,LANCER,LPG,32,144,,
SEAT,EXEO,DIESEL,32,139,5.3,
BMW,420I,PETROL,32,154,6.7,
CHEVROLET,CAPTIVA,PETROL,32,219,8.9,
PEUGEOT,206+,DIESEL,31,106,4.0,
FIAT,DUCATO,DIESEL,31,182,8.5,
SAAB,9-3,PETROL,31,194,8.4,
MINI,CLUBMAN COOPER,DIESEL,31,121,5.0,
MERCEDES-BENZ,E 300,PETROL,31,178,7.7,
MERCEDES-BENZ,AMG G 63,PETROL,31,349,15.7,
PEUGEOT,508,DIESEL/ELECTRIC,30,98,3.7,
DS,4,PETROL,30,126,6.0,
MERCEDES-BENZ,A 220,PETROL,30,161,7.0,
MITSUBISHI,OUTLANDER,PETROL/ELECTRIC,30,44,1.1,15.0
SSANGYONG,KORANDO,DIESEL,29,161,5.8,
LANCIA,VOYAGER,PETROL,29,252,10.9,
MINI,COUNTRYMAN,PETROL/ELECTRIC,29,47,2.7,14.7
NISSAN,PULSAR,DIESEL,29,94,3.6,
FORD,FUSION,DIESEL,29,120,4.5,
AUDI,A7,PETROL/ELECTRIC,28,43,1.7,19.2
BMW,M5,PETROL,28,247,10.9,
PEUGEOT,206+,PETROL,27,139,6.0,
CITROEN,DS3,DIESEL,26,99,3.8,
LEXUS,UX250H,PETROL,26,124,5.3,
SAAB,9-3,DIESEL,26,145,5.5,
AUDI,Q7,PETROL,26,214,9.7,
CHEVROLET,SPARK,LPG,26,111,,
MERCEDES-BENZ,GLC,PETROL/ELECTRIC,26,40,1.2,23.3
CHEVROLET,TRAX,PETROL,26,149,6.4,
VOLVO,V70,PETROL,25,182,7.8,
LANCIA,DELTA,PETROL,25,150,6.5,
SEAT,EXEO,PETROL,25,177,7.6,
BMW,M2,PETROL,25,204,9.0,
MERCEDES-BENZ,E 250,DIESEL,25,143,5.4,
HONDA,CR-V,PETROL/ELECTRIC,25,36,1.5,15.4
MERCEDES-BENZ,GLE 300 D 4MATIC,DIESEL,25,195,6.9,
HONDA,ACCORD,DIESEL,25,153,5.8,
MERCEDES-BENZ,GLE 450 4MATIC,PETROL,24,221,9.8,
FORD,FUSION,LPG,24,129,,
KIA,OPTIMA,PETROL/ELECTRIC,23,35,1.5,13.7
PEUGEOT,BOXER,DIESEL,23,191,8.8,
TOYOTA,AYGO,LPG,23,97,4.3,
MERCEDES-BENZ,A 220,DIESEL,23,119,5.2,
BMW,M3,PETROL,23,221,9.5,
ALFA ROMEO,MITO,PETROL,23,123,5.3,
FORD,MONDEO,PETROL/ELECTRIC,23,98,4.5,
CHEVROLET,AVEO,DIESEL,22,100,3.8,
ALFA ROMEO,MITO,DIESEL,22,106,4.0,
HYUNDAI,IONIQ,PETROL/ELECTRIC,22,29,1.1,11.2
VOLKSWAGEN,CALIFORNIA,DIESEL,22,203,7.7,
HONDA,HR-V,DIESEL,22,108,4.0,
BMW,X2 SDRIVE20I,PETROL,22,148,6.0,
SUZUKI,SX4,DIESEL,22,124,4.7,
AUDI,RS 3 SPORTBACK,PETROL,22,205,9.1,
MITSUBISHI,ASX,LPG,21,133,6.9,
JAGUAR,E-PACE,DIESEL,21,176,6.3,
JAGUAR,XE,DIESEL,21,116,5.2,
PEUGEOT,RCZ,PETROL,21,154,6.6,
MAZDA,5,DIESEL,21,144,5.5,
FIAT,BRAVO,LPG,21,134,,
MINI,ONE,DIESEL,21,102,4.9,
VOLKSWAGEN,GOLF,LPG,21,154,5.8,
SUZUKI,GRAND VITARA,DIESEL,21,178,6.7,
MERCEDES-BENZ,SLK 200,PETROL,21,159,6.9,
AUDI,Q2,DIESEL,20,135,4.9,
BMW,220I,PETROL,20,147,6.3,
BMW,330D,DIESEL,20,147,5.7,
KIA,SPORTAGE,LPG,20,153,7.2,
VOLVO,V50,PETROL,20,179,7.7,
CITROEN,XSARA PICASSO,PETROL,20,171,7.4,
MAZDA,CX-7,DIESEL,20,199,7.3,
MERCEDES-BENZ,B 220 4MATIC,PETROL,19,163,7.2,
ALFA ROMEO,159,PETROL,19,192,8.3,
FIAT,500X,DIESEL,19,119,4.7,
BMW,540D XDRIVE,DIESEL,19,167,6.1,
PORSCHE,911 TURBO S,PETROL,19,248,12.0,
ALFA ROMEO,GIULIETTA,DIESEL,19,112,5.5,
HONDA,INSIGHT,PETROL,18,103,4.4,
PEUGEOT,207,LPG,18,127,,
FORD,FIESTA,LPG,18,116,5.2,
FIAT,CROMA,DIESEL,18,161,6.1,
LEXUS,ES300H,PETROL,18,123,5.3,
NISSAN,NV200,PETROL,17,170,7.3,
CITROEN,C4,LPG,17,119,5.8,
BMW,220D,DIESEL,17,127,4.9,
KIA,SORENTO,PETROL,17,168,6.8,
BMW,X2 XDRIVE20D,DIESEL,17,144,5.1,
CITROEN,C3,LPG,17,119,4.5,
BMW,535D XDRIVE,DIESEL,16,161,6.1,
HYUNDAI,IX20,DIESEL,16,117,4.4,
VOLKSWAGEN,CRAFTER,DIESEL,16,219,9.1,
FIAT,500,LPG,16,113,5.9,
FIAT,TALENTO,DIESEL,15,164,7.1,
TOYOTA,IQ,PETROL,15,106,4.6,
RENAULT,TWINGO,DIESEL,15,97,3.7,
FIAT,500L,DIESEL,15,114,4.8,
FIAT,500,DIESEL,15,100,5.1,
TESLA,MODEL S,ELECTRIC,15,0,,19.0
PEUGEOT,807,DIESEL,15,163,6.2,
MITSUBISHI,LANCER,DIESEL,15,155,5.9,
RENAULT,MODUS,DIESEL,14,111,4.2,
MERCEDES-BENZ,A 200,DIESEL,14,115,5.0,
INFINITI,Q30,PETROL,14,148,6.4,
SEAT,ATECA,DIESEL,14,139,5.1,
BMW,I3,PETROL/ELECTRIC,14,12,0.2,11.5
PEUGEOT,3008,DIESEL/ELECTRIC,14,92,3.5,
SSANGYONG,TIVOLI,LPG,14,160,6.8,
FORD,C-MAX,PETROL/ELECTRIC,14,46,2.0,9.4
VOLVO,XC60,PETROL/ELECTRIC,14,42,1.2,17.9
MAZDA,CX-7,PETROL,14,243,10.5,
SUZUKI,SWIFT,LPG,14,115,5.8,
CITROEN,C8,DIESEL,14,164,6.2,
SUBARU,OUTBACK,DIESEL,13,160,6.1,
HYUNDAI,IX20,LPG,13,144,,
BMW,M4,PETROL,13,209,10.0,
KIA,PROCEED,DIESEL,13,134,4.7,
KIA,PICANTO,LPG,13,107,5.0,
NISSAN,NOTE,LPG,13,118,,
MERCEDES-BENZ,GLA,DIESEL,13,130,5.5,
ALFA ROMEO,ALFA GIULIETTA,LPG,12,135,,
OPEL,CROSSLAND,DIESEL,12,119,4.7,
CHEVROLET,TRAX,DIESEL,12,126,4.8,
CITROEN,DS5,PETROL,12,160,6.9,
MERCEDES-BENZ,CLA,DIESEL,12,119,5.1,
AUDI,SQ5,DIESEL,12,188,8.2,
FIAT,500L,LPG,12,142,6.2,
BMW,330E,PETROL/ELECTRIC,12,37,2.8,15.9
HYUNDAI,IONIQ,PETROL,12,95,4.4,
VOLKSWAGEN,GOLF,ELECTRIC,12,0,,14.0
HYUNDAI,SANTA FE,PETROL,11,171,6.7,
BMW,325D,DIESEL,11,140,5.3,
FIAT,500,ELECTRIC,11,0,,14.2
SUZUKI,SX4,LPG,11,127,5.3,
VOLVO,C70,DIESEL,11,164,6.2,
JEEP,RENEGADE,LPG,11,145,6.2,
VOLKSWAGEN,UP!,LPG,11,105,,
PEUGEOT,BIPPER,DIESEL,11,117,4.4,
CITROEN,XSARA PICASSO,DIESEL,11,130,4.9,
ALFA ROMEO,GIULIA,DIESEL,11,120,5.2,
RENAULT,ZOE,ELECTRIC,11,0,,16.7
VOLKSWAGEN,POLO,LPG,11,130,5.4,
DS,5,DIESEL,10,110,4.2,
MAZDA,6,LPG,10,138,,
SSANGYONG,KORANDO,PETROL,10,181,7.9,
VOLKSWAGEN,KOMBI,PETROL,10,216,9.3,
MINI,CLUBMAN ONE,PETROL,10,134,6.0,
RENAULT,KANGOO,LPG,10,170,,
BMW,X5,PETROL/ELECTRIC,10,35,2.7,24.2
FORD,ECOSPORT,DIESEL,10,121,4.0,
SKODA,SCALA,DIESEL,10,127,4.2,
SUBARU,XV,DIESEL,10,144,5.5,
NISSAN,JUKE,LPG,10,135,,
INFINITI,Q30,DIESEL,10,112,4.3,
CITROEN,DS5,DIESEL/ELECTRIC,9,92,3.5,
VOLKSWAGEN,EOS,PETROL,9,155,6.7,
SUZUKI,SWIFT,DIESEL,9,109,4.1,
AUDI,SQ5,PETROL,9,192,8.2,
MERCEDES-BENZ,E 350 D,DIESEL,9,156,5.8,
SEAT,TARRACO,PETROL,9,180,7.4,
MERCEDES-BENZ,C 250,DIESEL,9,130,4.9,
MINI,CLUBMAN ONE,DIESEL,9,109,4.6,
VOLKSWAGEN,TOUAREG,PETROL,9,229,10.6,
HYUNDAI,ELANTRA,DIESEL,9,117,4.4,
FORD,B-MAX,DIESEL,9,104,4.0,
LADA,4X4,PETROL,9,225,9.7,
VOLKSWAGEN,PASSAT,PETROL/ELECTRIC,9,31,1.1,15.2
BMW,I3S,ELECTRIC,8,0,,15.5
MERCEDES-BENZ,A 160,DIESEL,8,112,4.4,
PEUGEOT,108,PETROL,8,102,4.8,
DS,7,PETROL,8,164,6.8,
TOYOTA,HIGHLANDER,PETROL,8,157,6.8,
JAGUAR,F-TYPE,PETROL,8,218,9.9,
DS,4,DIESEL,8,111,5.1,
NISSAN,MICRA,LPG,8,106,6.2,
MITSUBISHI,COLT,LPG,8,117,6.0,
PORSCHE,CAYENNE,PETROL/ELECTRIC,8,70,2.3,24.7
SSANGYONG,REXTON,DIESEL,8,208,8.1,
VOLKSWAGEN,SCIROCCO,DIESEL,8,127,4.8,
MERCEDES-BENZ,E 350 BLUETEC,DIESEL,8,156,5.9,
OPEL,CROSSLAND,LPG,7,121,,
LAND ROVER,DEFENDER,DIESEL,7,239,8.7,
ALFA ROMEO,STELVIO,DIESEL,7,152,5.9,
BMW,X4 XDRIVE30D,DIESEL,7,165,6.3,
SUBARU,LEGACY,LPG,7,168,,
DS,3,PETROL,7,119,5.8,
SSANGYONG,KORANDO,LPG,7,179,7.4,
MAZDA,2,DIESEL,7,101,3.8,
BMW,M135I XDRIVE,PETROL,7,178,7.3,
PEUGEOT,407,PETROL,7,190,8.2,
VOLKSWAGEN,T-ROC,DIESEL,7,141,4.9,
VOLKSWAGEN,FOX,PETROL,7,139,6.0,
HYUNDAI,ELANTRA,LPG,7,153,6.2,
BMW,435D XDRIVE,DIESEL,7,155,7.0,
BMW,114I,PETROL,7,129,5.6,
HYUNDAI,I10,LPG,7,112,6.3,
MERCEDES-BENZ,MARCO POLO,DIESEL,6,202,8.2,
BMW,320ED,DIESEL,6,110,4.2,
MERCEDES-BENZ,E 300,DIESEL,6,145,6.1,
VOLVO,C70,PETROL,6,220,9.5,
VOLKSWAGEN,BEETLE,DIESEL,6,123,4.7,
VOLKSWAGEN,MULTIVAN,PETROL,6,206,8.6,
SEAT,TARRACO,DIESEL,6,172,5.8,
KIA,STONIC,DIESEL,6,117,4.5,
FORD,TRANSIT,PETROL,6,141,5.9,
DS,7,DIESEL,6,152,5.4,
PORSCHE,911 GT3,PETROL,6,296,13.1,
MERCEDES-BENZ,C 180,DIESEL,6,123,4.9,
PEUGEOT,PARTNER,LPG,6,119,,
JAGUAR,I-PACE,ELECTRIC,6,0,,23.7
OPEL,CASCADA,PETROL,6,157,6.8,
SMART,FORTWO,DIESEL,6,87,3.3,
RENAULT,WIND,PETROL,5,148,6.4,
RENAULT,MODUS,PETROL,5,143,6.2,
SMART,FORTWO,ELECTRIC,5,0,,13.9
MAZDA,2,LPG,5,111,,
VOLKSWAGEN,CADDY,LPG,5,173,6.4,
NISSAN,MICRA,DIESEL,5,107,4.1,
PEUGEOT,RIFTER,PETROL,5,159,6.7,
PEUGEOT,RCZ,DIESEL,5,137,5.2,
ALFA ROMEO,ALFA MITO,DIESEL,5,101,3.8,
VOLKSWAGEN,PHAETON,DIESEL,5,225,8.5,
LANCIA,YPSILON,DIESEL,5,100,3.6,
AUDI,A3,PETROL/ELECTRIC,5,31,1.1,14.3
LANCIA,MUSA,PETROL,5,140,6.0,
BMW,216D,DIESEL,4,111,4.7,
NISSAN,PIXO,PETROL,4,104,4.5,
RENAULT,KOLEOS,PETROL,4,159,6.7,
RENAULT,FLUENCE,ELECTRIC,4,0,,14.0
SSANGYONG,TIVOLI,DIESEL,4,127,5.3,
PORSCHE,PANAMERA 4 E-HYBRID,PETROL/ELECTRIC,4,58,2.0,19.5
BMW,418D,DIESEL,4,122,5.6,
KIA,SOUL,LPG,4,137,,
SUZUKI,SWIFT,PETROL/ELECTRIC,4,99,4.3,4.0
CITROEN,NEMO,DIESEL,4,117,4.4,
PEUGEOT,208,LPG,4,114,4.0,
BMW,335D XDRIVE,DIESEL,4,151,5.7,
PEUGEOT,ION,ELECTRIC,4,0,,13.1
AUDI,Q8,PETROL/ELECTRIC,4,51,2.1,27.0
SUBARU,IMPREZA,DIESEL,4,150,5.7,
HYUNDAI,IONIQ,ELECTRIC,3,0,,13.0
RENAULT,TWINGO,LPG,3,135,,
OPEL,AGILA,PETROL,3,120,4.7,
SUZUKI,VITARA,DIESEL,3,110,4.0,
VOLKSWAGEN,GOLF,PETROL/ELECTRIC,3,30,1.2,13.7
SEAT,ALTEA,LPG,3,162,,
MERCEDES-BENZ,C 300,DIESEL,3,141,5.3,
PEUGEOT,107,DIESEL,3,109,4.1,
VOLKSWAGEN,EOS,DIESEL,3,138,5.2,
SEAT,LEON,LPG,3,117,5.8,
MERCEDES-BENZ,ML 250 BLUETEC 4MATIC,DIESEL,3,163,6.2,
FORD,KA,LPG,3,109,,
FIAT,124 SPIDER,PETROL,3,149,6.4,
TESLA,MODEL X,ELECTRIC,3,0,,21.3
FIAT,500X,LPG,3,145,6.0,
FIAT,FIORINO QUBO,PETROL,3,155,6.7,
FIAT,SEDICI,DIESEL,3,139,5.3,
TOYOTA,URBAN CRUISER,DIESEL,3,128,4.8,
FORD,C-MAX,LPG,3,134,,
BMW,Z4 SDRIVE20I,PETROL,2,161,7.0,
SUBARU,XV,LPG,2,152,8.0,
MERCEDES-BENZ,B 160,PETROL,2,153,6.0,
VOLVO,S90,PETROL/ELECTRIC,2,44,1.1,16.5
AUDI,A8,PETROL/ELECTRIC,2,60,2.1,21.8
HYUNDAI,TUCSON,LPG,2,131,5.8,
TOYOTA,URBAN CRUISER,PETROL,2,129,5.6,
OPEL,CASCADA,DIESEL,2,141,5.3,
OPEL,AGILA,LPG,2,111,,
LANCIA,DELTA,LPG,2,134,,
PEUGEOT,BIPPER,PETROL,2,153,6.6,
SUZUKI,VITARA,LPG,2,124,5.6,
BMW,SERIE 1,DIESEL,2,117,4.9,
OPEL,ADAM,LPG,2,119,,
PEUGEOT,206+,LPG,2,114,,
MERCEDES-BENZ,CLASSE C,DIESEL,2,129,5.3,
ALFA ROMEO,ALFA MITO,LPG,2,131,,
CITROEN,C-ZERO,ELECTRIC,2,0,,13.7
SEAT,TOLEDO,LPG,2,114,,
BMW,430D,DIESEL,2,147,5.7,
NISSAN,PIXO,LPG,2,96,,
BMW,225XE IPERFORMANCE,PETROL/ELECTRIC,2,51,2.4,13.1
DAIHATSU,TERIOS,LPG,1,173,,
KIA,PICANTO,DIESEL,1,113,4.3,
DAIHATSU,TERIOS,PETROL,1,176,7.6,
AUDI,Q8,PETROL,1,233,9.9,
SUZUKI,BALENO,LPG,1,98,,
PEUGEOT,4008,DIESEL,1,138,5.2,
DACIA,DUSTER,PETROL/ELECTRIC,1,126,5.9,4.0
VOLVO,V60,DIESEL/ELECTRIC,1,48,1.8,13.9
MERCEDES-BENZ,CLASSE CLA,PETROL,1,144,6.6,
LANCIA,MUSA,LPG,1,120,,
CITROEN,NEMO,PETROL,1,154,6.6,
SUZUKI,JIMNY,DIESEL,1,162,6.1,
MERCEDES-BENZ,CLASSE E,DIESEL,1,141,5.7,
CITROEN,C1,DIESEL,1,109,4.1,
LANCIA,YPSILON,LPG,1,119,6.2,
CITROEN,C4,DIESEL/ELECTRIC,1,95,3.8,
DS,3,DIESEL,1,101,4.8,
BMW,3ER REIHE,PETROL,1,158,6.8,
KIA,NIRO,ELECTRIC,1,0,,16.1
HYUNDAI,KONA,DIESEL,1,134,4.8,
VOLKSWAGEN,FOX,DIESEL,1,130,4.9,
SEAT,CUPRA ATECA,PETROL,1,199,8.2,
MERCEDES-BENZ,C 300,PETROL/ELECTRIC,1,20,0.7,20.7
FORD,GRANDC-MAX,DIESEL,1,136,5.1,
MERCEDES-BENZ,CITAN,PETROL,1,150,6.9,
FORD,KA,DIESEL,1,112,4.2,
BMW,5ER REIHE,DIESEL,1,149,5.6,
FIAT,CROMA,PETROL,1,190,8.2,
MERCEDES-BENZ,E 300,DIESEL/ELECTRIC,1,38,1.1,21.9
FIAT,ABARTH 500,PETROL,1,159,7.0,
MITSUBISHI,SPACE STAR,LPG,1,93,4.6,
VOLKSWAGEN,PHAETON,PETROL,1,294,12.7,
HYUNDAI,KONA,ELECTRIC,1,0,,14.9
TOYOTA,IQ,DIESEL,1,104,3.9,
BMW,1ER REIHE,PETROL,1,144,6.2,
MERCEDES-BENZ,E 400 D 4 MATIC,DIESEL,1,190,7.1,
BMW,120,PETROL,1,123,5.4,
BMW,120,DIESEL,1,125,5.2,
DS,5,PETROL,1,137,5.9,
OPEL,KARL,LPG,1,105,,
OPEL,AGILA,DIESEL,1,120,4.5,
VOLKSWAGEN,CALIFORNIA,PETROL,1,213,8.0,
VOLKSWAGEN,UP!,ELECTRIC,1,0,,13.0
AUDI,S6 AVANT,DIESEL,1,199,7.2,
BMW,X2 SDRIVE18D,DIESEL,1,140,5.1,
OPEL,ANTARA,PETROL,1,216,9.3,
AUDI,S6 AVANT,PETROL,1,224,9.7,
