brand,model,fuel_type,l_per_100km,kwh_per_100km,co2_g_km
ABARTH,500,ELECTRIC,,17.9,0
ABARTH,500,PETROL,6.9,,152
ALFA ROMEO,159,DIESEL,5.5,,145
ALFA ROMEO,159,PETROL,8.3,,192
ALFA ROMEO,ALFA GIULIETTA,DIESEL,5.0,,113
ALFA ROMEO,ALFA GIULIETTA,LPG,,,135
ALFA ROMEO,ALFA GIULIETTA,PETROL,7.1,,146
ALFA ROMEO,ALFA MITO,DIESEL,3.8,,101
ALFA ROMEO,ALFA MITO,LPG,,,131
ALFA ROMEO,ALFA MITO,PETROL,5.6,,130
ALFA ROMEO,GIULIA,DIESEL,5.2,,120
ALFA ROMEO,GIULIA,PETROL,8.1,,176
ALFA ROMEO,GIULIETTA,DIESEL,5.5,,112
ALFA ROMEO,GIULIETTA,PETROL,7.3,,139
ALFA ROMEO,JUNIOR,ELECTRIC,,15.5,0
ALFA ROMEO,JUNIOR,PETROL,4.9,,109
ALFA ROMEO,MITO,DIESEL,4.0,,106
ALFA ROMEO,MITO,LPG,,,131
ALFA ROMEO,MITO,PETROL,5.3,,123
ALFA ROMEO,STELVIO,DIESEL,5.9,,152
ALFA ROMEO,STELVIO,PETROL,8.8,,198
ALFA ROMEO,TONALE,DIESEL,5.5,,143
ALFA ROMEO,TONALE,PETROL,5.9,,135
ALFA ROMEO,TONALE,PETROL/ELECTRIC,1.4,18.3,31
ALPINE,A110,PETROL,6.8,,155
AUDI,A1,DIESEL,7.3,,99
AUDI,A1,PETROL,5.7,,121
AUDI,A3,CNG,,,116
AUDI,A3,DIESEL,4.7,,114
AUDI,A3,NG,5.6,,104
AUDI,A3,PETROL,5.6,,128
AUDI,A3,PETROL/ELECTRIC,1.1,14.3,31
AUDI,A4,DIESEL,5.2,,130
AUDI,A4,E85,,,162
AUDI,A4,NG,6.4,,118
AUDI,A4,PETROL,6.7,,148
AUDI,A5,DIESEL,5.2,,137
AUDI,A5,NG,6.3,,116
AUDI,A5,PETROL,6.9,,154
AUDI,A5,PETROL/ELECTRIC,2.4,15.5,57
AUDI,A6,DIESEL,5.9,,147
AUDI,A6,ELECTRIC,,15.3,0
AUDI,A6,PETROL,7.8,,172
AUDI,A6,PETROL/ELECTRIC,1.7,19.1,38
AUDI,A7,DIESEL,6.2,,159
AUDI,A7,PETROL,7.6,,179
AUDI,A7,PETROL/ELECTRIC,1.7,19.2,43
AUDI,A8,DIESEL,7.3,,176
AUDI,A8,PETROL,10.1,,214
AUDI,A8,PETROL/ELECTRIC,2.1,21.8,60
AUDI,E-TRON,ELECTRIC,,23.9,0
AUDI,Q2,DIESEL,4.9,,135
AUDI,Q2,PETROL,6.1,,137
AUDI,Q3,DIESEL,5.5,,144
AUDI,Q3,PETROL,7.0,,159
AUDI,Q3,PETROL/ELECTRIC,1.8,16.6,40
AUDI,Q4 40 E-TRON,ELECTRIC,,17.4,0
AUDI,Q4 45 E-TRON,ELECTRIC,,17.1,0
AUDI,Q4 SPORTBACK 45 E-TRON,ELECTRIC,,16.5,0
AUDI,Q5,DIESEL,6.2,,164
AUDI,Q5,PETROL,7.9,,180
AUDI,Q5,PETROL/ELECTRIC,1.9,20.6,48
AUDI,Q7,DIESEL,7.9,,188
AUDI,Q7,DIESEL/ELECTRIC,8.0,18.7,52
AUDI,Q7,PETROL,9.7,,214
AUDI,Q7,PETROL/ELECTRIC,2.4,25.4,58
AUDI,Q8,DIESEL,8.3,,223
AUDI,Q8,ELECTRIC,,22.3,0
AUDI,Q8,PETROL,9.9,,233
AUDI,Q8,PETROL/ELECTRIC,2.1,27.0,51
AUDI,RS 3 SPORTBACK,PETROL,9.1,,205
AUDI,S3 LIMOUSINE,PETROL,7.9,,169
AUDI,S3 SPORTBACK,PETROL,8.2,,171
AUDI,S6 AVANT,DIESEL,7.2,,199
AUDI,S6 AVANT,PETROL,9.7,,224
AUDI,SQ5,DIESEL,8.2,,188
AUDI,SQ5,PETROL,8.2,,192
AUDI,SQ7,DIESEL,9.4,,210
AUDI,SQ7,PETROL,12.3,,282
AUDI,TT,DIESEL,4.9,,130
AUDI,TT,PETROL,7.7,,158
BMW,114D,DIESEL,4.1,,108
BMW,114I,PETROL,5.6,,129
BMW,116D,DIESEL,4.5,,111
BMW,116ED,DIESEL,3.7,,99
BMW,116I,PETROL,5.8,,130
BMW,118D,DIESEL,4.8,,120
BMW,118I,PETROL,5.8,,138
BMW,120,DIESEL,5.2,,125
BMW,120,PETROL,5.4,,123
BMW,120D,DIESEL,4.8,,125
BMW,120I,PETROL,6.2,,148
BMW,1ER REIHE,DIESEL,4.6,,120
BMW,1ER REIHE,PETROL,6.2,,144
BMW,216D,DIESEL,4.7,,111
BMW,218D,DIESEL,4.9,,121
BMW,218I,PETROL,6.1,,136
BMW,220D,DIESEL,4.9,,127
BMW,220I,PETROL,6.3,,147
BMW,225XE IPERFORMANCE,PETROL/ELECTRIC,2.4,13.1,51
BMW,316D,DIESEL,4.7,,118
BMW,316I,PETROL,6.0,,138
BMW,318D,DIESEL,4.9,,123
BMW,318I,PETROL,6.6,,146
BMW,320D,DIESEL,5.2,,129
BMW,320E,PETROL/ELECTRIC,2.8,16.9,33
BMW,320ED,DIESEL,4.2,,110
BMW,320I,PETROL,6.7,,151
BMW,325D,DIESEL,5.3,,140
BMW,330D,DIESEL,5.7,,147
BMW,330E,PETROL/ELECTRIC,2.8,15.9,37
BMW,330I,PETROL,7.0,,159
BMW,335D XDRIVE,DIESEL,5.7,,151
BMW,3ER REIHE,DIESEL,5.0,,132
BMW,3ER REIHE,PETROL,6.8,,158
BMW,418D,DIESEL,5.6,,122
BMW,420D,DIESEL,5.1,,127
BMW,420I,PETROL,6.7,,154
BMW,430D,DIESEL,5.7,,147
BMW,430I,PETROL,7.2,,159
BMW,435D XDRIVE,DIESEL,7.0,,155
BMW,518D,DIESEL,4.6,,124
BMW,520D,DIESEL,5.3,,131
BMW,520I,PETROL,6.2,,152
BMW,525D,DIESEL,5.4,,143
BMW,530D,DIESEL,5.8,,155
BMW,530E,PETROL/ELECTRIC,2.6,17.2,41
BMW,530I,PETROL,7.0,,160
BMW,535D XDRIVE,DIESEL,6.1,,161
BMW,540D XDRIVE,DIESEL,6.1,,167
BMW,540I XDRIVE,PETROL,8.0,,185
BMW,5ER REIHE,DIESEL,5.6,,149
BMW,5ER REIHE,PETROL,7.7,,178
BMW,640D,DIESEL,6.5,,154
BMW,730D,DIESEL,6.1,,153
BMW,740D XDRIVE,DIESEL,6.3,,160
BMW,7ER REIHE,DIESEL,6.8,,180
BMW,7ER REIHE,PETROL,11.6,,269
BMW,I3,ELECTRIC,,14.2,0
BMW,I3,PETROL/ELECTRIC,0.2,11.5,12
BMW,I3S,ELECTRIC,,15.5,0
BMW,I3S,PETROL/ELECTRIC,0.2,12.7,11
BMW,I4 EDRIVE40,ELECTRIC,,16.6,0
BMW,I4 M50,ELECTRIC,,19.6,0
BMW,IX1 EDRIVE 20,ELECTRIC,,16.0,0
BMW,IX1 EDRIVE20,ELECTRIC,,15.8,0
BMW,IX1 XDRIVE30,ELECTRIC,,17.4,0
BMW,IX2 EDRIVE20,ELECTRIC,,15.3,0
BMW,IX3,ELECTRIC,,18.6,0
BMW,M135I XDRIVE,PETROL,7.3,,178
BMW,M2,PETROL,9.0,,204
BMW,M3,PETROL,9.5,,221
BMW,M4,PETROL,10.0,,209
BMW,M440I XDRIVE,PETROL,8.0,,182
BMW,M5,PETROL,10.9,,247
BMW,M5,PETROL/ELECTRIC,2.0,25.0,47
BMW,SERIE 1,DIESEL,4.9,,117
BMW,SERIE 1,PETROL,6.1,,143
BMW,SERIE 2,DIESEL,5.0,,118
BMW,SERIE 2,PETROL,6.2,,143
BMW,SERIE 2,PETROL/ELECTRIC,1.6,12.4,52
BMW,SERIE 3,DIESEL,5.1,,129
BMW,SERIE 3,PETROL,6.9,,156
BMW,SERIE 3,PETROL/ELECTRIC,1.5,15.2,39
BMW,SERIE 4,DIESEL,5.2,,132
BMW,SERIE 4,PETROL,7.2,,162
BMW,SERIE 5,DIESEL,5.4,,144
BMW,SERIE 5,PETROL,6.7,,171
BMW,SERIE 5,PETROL/ELECTRIC,1.8,15.1,45
BMW,X1,DIESEL,5.1,,135
BMW,X1,PETROL,6.4,,150
BMW,X1,PETROL/ELECTRIC,2.0,16.0,30
BMW,X2 SDRIVE18D,DIESEL,5.1,,140
BMW,X2 SDRIVE18I,PETROL,6.2,,150
BMW,X2 SDRIVE20I,PETROL,6.0,,148
BMW,X2 XDRIVE20D,DIESEL,5.1,,144
BMW,X3,DIESEL,6.0,,156
BMW,X3,PETROL,8.0,,196
BMW,X3,PETROL/ELECTRIC,2.9,19.8,45
BMW,X4 XDRIVE20D,DIESEL,5.8,,150
BMW,X4 XDRIVE30D,DIESEL,6.3,,165
BMW,X5,DIESEL,7.1,,182
BMW,X5,PETROL,10.4,,240
BMW,X5,PETROL/ELECTRIC,2.7,24.2,35
BMW,X6 XDRIVE30D,DIESEL,6.8,,181
BMW,X6 XDRIVE40D,DIESEL,7.1,,187
BMW,X7 XDRIVE40D,DIESEL,7.9,,210
BMW,Z4 M40I,PETROL,8.0,,186
BMW,Z4 SDRIVE20I,PETROL,7.0,,161
BYD,ATTO 3,ELECTRIC,,16.0,0
BYD,SEAL U DM-I,PETROL,5.8,,131
BYD,SEAL U DM-I,PETROL/ELECTRIC,0.9,18.3,19
CHEVROLET,AVEO,DIESEL,3.8,,100
CHEVROLET,AVEO,LPG,,,117
CHEVROLET,AVEO,PETROL,5.7,,132
CHEVROLET,CAPTIVA,DIESEL,7.2,,190
CHEVROLET,CAPTIVA,PETROL,8.9,,219
CHEVROLET,CRUZE,DIESEL,5.2,,138
CHEVROLET,CRUZE,LPG,,,145
CHEVROLET,CRUZE,PETROL,6.7,,155
CHEVROLET,ORLANDO,DIESEL,6.2,,163
CHEVROLET,ORLANDO,LPG,,,156
CHEVROLET,ORLANDO,PETROL,7.2,,168
CHEVROLET,SPARK,LPG,,,111
CHEVROLET,SPARK,PETROL,5.1,,119
CHEVROLET,TRAX,DIESEL,4.8,,126
CHEVROLET,TRAX,PETROL,6.4,,149
CITROEN,BERLINGO,DIESEL,5.3,,133
CITROEN,BERLINGO,ELECTRIC,,18.7,0
CITROEN,BERLINGO,PETROL,6.5,,151
CITROEN,C-ELYSEE,DIESEL,4.4,,105
CITROEN,C-ELYSEE,LPG,,,120
CITROEN,C-ELYSEE,PETROL,5.0,,116
CITROEN,C-ZERO,ELECTRIC,,13.7,0
CITROEN,C1,DIESEL,4.1,,109
CITROEN,C1,PETROL,4.7,,102
CITROEN,C1,PETROL/ELECTRIC,3.8,,89
CITROEN,C3,DIESEL,4.4,,107
CITROEN,C3,DIESEL/ELECTRIC,3.2,,84
CITROEN,C3,LPG,4.5,,119
CITROEN,C3,PETROL,5.6,,125
CITROEN,C3,PETROL/ELECTRIC,5.1,4.0,106
CITROEN,C4,DIESEL,4.8,,113
CITROEN,C4,DIESEL/ELECTRIC,3.8,,95
CITROEN,C4,LPG,5.8,,119
CITROEN,C4,PETROL,5.5,,124
CITROEN,C4,PETROL/ELECTRIC,4.8,,108
CITROEN,C5,DIESEL,5.3,,142
CITROEN,C5,ELECTRIC,,17.3,0
CITROEN,C5,PETROL,6.1,,151
CITROEN,C5,PETROL/ELECTRIC,1.4,15.9,32
CITROEN,C8,DIESEL,6.2,,164
CITROEN,DS3,DIESEL,3.8,,99
CITROEN,DS3,PETROL,5.9,,132
CITROEN,DS4,DIESEL,4.5,,120
CITROEN,DS4,PETROL,6.1,,145
CITROEN,DS5,DIESEL,4.7,,123
CITROEN,DS5,DIESEL/ELECTRIC,3.5,,92
CITROEN,DS5,PETROL,6.9,,160
CITROEN,E-C3,ELECTRIC,,17.0,0
CITROEN,E-C4,ELECTRIC,,15.4,0
CITROEN,JUMPY,DIESEL,6.7,,170
CITROEN,JUMPY,ELECTRIC,,26.2,0
CITROEN,NEMO,DIESEL,4.4,,117
CITROEN,NEMO,PETROL,6.6,,154
CITROEN,XSARA PICASSO,DIESEL,4.9,,130
CITROEN,XSARA PICASSO,PETROL,7.4,,171
CUPRA,ATECA,PETROL,8.2,,187
CUPRA,BORN,ELECTRIC,,15.8,0
CUPRA,FORMENTOR,DIESEL,5.4,,144
CUPRA,FORMENTOR,PETROL,7.0,,164
CUPRA,FORMENTOR,PETROL/ELECTRIC,1.1,15.8,26
CUPRA,LEON,DIESEL,4.9,,128
CUPRA,LEON,PETROL,6.5,,148
CUPRA,LEON,PETROL/ELECTRIC,0.9,15.6,23
CUPRA,TAVASCAN,ELECTRIC,,16.2,0
CUPRA,TERRAMAR,PETROL,7.0,,159
CUPRA,TERRAMAR,PETROL/ELECTRIC,0.6,17.8,13
DACIA,BIGSTER,LPG,6.3,,119
DACIA,BIGSTER,PETROL,5.0,,113
DACIA,BIGSTER,PETROL/ELECTRIC,5.8,4.0,115
DACIA,DOKKER,DIESEL,4.5,,120
DACIA,DOKKER,LPG,,,149
DACIA,DOKKER,PETROL,6.0,,149
DACIA,DUSTER,DIESEL,5.0,,130
DACIA,DUSTER,E85,,,161
DACIA,DUSTER,LPG,6.9,,139
DACIA,DUSTER,PETROL,5.9,,151
DACIA,DUSTER,PETROL/ELECTRIC,5.9,4.0,126
DACIA,JOGGER,LPG,7.4,,121
DACIA,JOGGER,PETROL,5.4,,122
DACIA,LODGY,DIESEL,4.7,,116
DACIA,LODGY,LPG,7.0,,147
DACIA,LODGY,PETROL,6.3,,143
DACIA,LOGAN,DIESEL,3.9,,107
DACIA,LOGAN,E85,,,163
DACIA,LOGAN,LPG,6.4,,115
DACIA,LOGAN,PETROL,5.2,,132
DACIA,NUOVA SANDERO,DIESEL,3.9,,104
DACIA,NUOVA SANDERO,LPG,,,132
DACIA,NUOVA SANDERO,PETROL,5.4,,125
DACIA,SANDERO,DIESEL,4.2,,108
DACIA,SANDERO,E85,,,156
DACIA,SANDERO,LPG,6.5,,118
DACIA,SANDERO,PETROL,5.5,,129
DACIA,SPRING,ELECTRIC,,14.0,0
DAIHATSU,TERIOS,LPG,,,173
DAIHATSU,TERIOS,PETROL,7.6,,176
DS,3,DIESEL,4.8,,101
DS,3,ELECTRIC,,17.0,0
DS,3,PETROL,5.8,,119
DS,4,DIESEL,5.1,,111
DS,4,PETROL,6.0,,126
DS,4,PETROL/ELECTRIC,1.3,15.5,30
DS,5,DIESEL,4.2,,110
DS,5,PETROL,5.9,,137
DS,7,DIESEL,5.4,,152
DS,7,PETROL,6.8,,164
DS,7,PETROL/ELECTRIC,1.4,16.4,32
FIAT,124 SPIDER,PETROL,6.4,,149
FIAT,500,DIESEL,5.1,,100
FIAT,500,ELECTRIC,,14.2,0
FIAT,500,LPG,5.9,,113
FIAT,500,PETROL,4.8,,117
FIAT,500,PETROL/ELECTRIC,3.9,,116
FIAT,500C,DIESEL,3.8,,99
FIAT,500C,PETROL,4.8,,117
FIAT,500L,DIESEL,4.8,,114
FIAT,500L,LPG,6.2,,142
FIAT,500L,NG,,,107
FIAT,500L,PETROL,6.9,,152
FIAT,500X,DIESEL,4.7,,119
FIAT,500X,LPG,6.0,,145
FIAT,500X,PETROL,6.1,,147
FIAT,600,ELECTRIC,,15.1,0
FIAT,600,PETROL,4.8,,109
FIAT,ABARTH 500,PETROL,7.0,,159
FIAT,BRAVO,DIESEL,4.6,,122
FIAT,BRAVO,LPG,,,134
FIAT,BRAVO,PETROL,6.3,,146
FIAT,CROMA,DIESEL,6.1,,161
FIAT,CROMA,PETROL,8.2,,190
FIAT,DOBLO,DIESEL,5.5,,143
FIAT,DOBLO,NG,,,144
FIAT,DOBLO,PETROL,6.5,,177
FIAT,DUCATO,DIESEL,8.5,,182
FIAT,FIORINO QUBO,DIESEL,4.3,,115
FIAT,FIORINO QUBO,NG,,,125
FIAT,FIORINO QUBO,PETROL,6.7,,155
FIAT,FREEMONT,DIESEL,6.8,,180
FIAT,FREEMONT,PETROL,11.0,,256
FIAT,IDEA,DIESEL,4.5,,118
FIAT,IDEA,LPG,,,119
FIAT,IDEA,PETROL,6.1,,143
FIAT,PANDA,DIESEL,6.9,,112
FIAT,PANDA,ELECTRIC,,14.8,0
FIAT,PANDA,LPG,6.1,,120
FIAT,PANDA,NG,5.9,,98
FIAT,PANDA,PETROL,5.0,,122
FIAT,PUNTO,DIESEL,3.4,,106
FIAT,PUNTO,LPG,,,116
FIAT,PUNTO,NG,,,115
FIAT,PUNTO,PETROL,5.5,,127
FIAT,QUBO,DIESEL,4.9,,117
FIAT,QUBO,NG,,,123
FIAT,QUBO,PETROL,7.0,,163
FIAT,SCUDO,DIESEL,7.3,,186
FIAT,SEDICI,DIESEL,5.3,,139
FIAT,SEDICI,PETROL,6.3,,147
FIAT,TALENTO,DIESEL,7.1,,164
FIAT,TIPO,DIESEL,4.5,,111
FIAT,TIPO,LPG,6.7,,136
FIAT,TIPO,PETROL,5.6,,145
FORD,B-MAX,DIESEL,4.0,,104
FORD,B-MAX,LPG,,,127
FORD,B-MAX,PETROL,5.4,,126
FORD,C-MAX,DIESEL,4.5,,120
FORD,C-MAX,E85,,,158
FORD,C-MAX,LPG,,,134
FORD,C-MAX,PETROL,5.9,,137
FORD,C-MAX,PETROL/ELECTRIC,2.0,9.4,46
FORD,ECOSPORT,DIESEL,4.0,,121
FORD,ECOSPORT,PETROL,5.6,,140
FORD,EDGE,DIESEL,7.1,,164
FORD,EXPLORER,ELECTRIC,,15.0,0
FORD,EXPLORER,PETROL/ELECTRIC,5.7,21.8,72
FORD,FIESTA,DIESEL,3.6,,102
FORD,FIESTA,E85,5.3,,120
FORD,FIESTA,LPG,5.2,,116
FORD,FIESTA,PETROL,5.1,,119
FORD,FOCUS,DIESEL,4.6,,112
FORD,FOCUS,E85,5.4,,128
FORD,FOCUS,LPG,4.2,,132
FORD,FOCUS,PETROL,5.6,,131
FORD,FUSION,DIESEL,4.5,,120
FORD,FUSION,LPG,,,129
FORD,FUSION,PETROL,6.7,,156
FORD,GALAXY,DIESEL,6.4,,150
FORD,GALAXY,E85,,,191
FORD,GALAXY,PETROL,6.4,,172
FORD,GRAND C-MAX,DIESEL,4.9,,128
FORD,GRAND C-MAX,PETROL,6.2,,143
FORD,GRANDC-MAX,DIESEL,5.1,,136
FORD,GRANDC-MAX,PETROL,6.7,,157
FORD,KA,DIESEL,4.2,,112
FORD,KA,LPG,,,109
FORD,KA,PETROL,5.1,,119
FORD,KA+,DIESEL,4.8,,127
FORD,KA+,PETROL,5.1,,117
FORD,KUGA,DIESEL,5.0,,145
FORD,KUGA,E85,5.6,,143
FORD,KUGA,PETROL,5.9,,161
FORD,KUGA,PETROL/ELECTRIC,2.5,14.4,28
FORD,MONDEO,DIESEL,5.2,,131
FORD,MONDEO,E85,,,184
FORD,MONDEO,LPG,,,149
FORD,MONDEO,PETROL,5.1,,152
FORD,MONDEO,PETROL/ELECTRIC,4.5,,98
FORD,MUSTANG,ELECTRIC,,18.1,0
FORD,MUSTANG,PETROL,11.8,,259
FORD,PUMA,DIESEL,4.0,,119
FORD,PUMA,E85,5.5,,123
FORD,PUMA,ELECTRIC,,14.1,0
FORD,PUMA,PETROL,5.5,,128
FORD,PUMA,PETROL/ELECTRIC,5.6,,128
FORD,S-MAX,DIESEL,6.2,,150
FORD,S-MAX,E85,6.5,,191
FORD,S-MAX,PETROL,6.3,,171
FORD,TOURNEO,DIESEL,7.1,,169
FORD,TOURNEO,ELECTRIC,,20.9,0
FORD,TOURNEO,PETROL,6.8,,140
FORD,TOURNEO,PETROL/ELECTRIC,2.3,19.4,55
FORD,TRANSIT,DIESEL,7.6,,187
FORD,TRANSIT,ELECTRIC,,23.7,0
FORD,TRANSIT,PETROL,5.9,,141
FORD,TRANSIT,PETROL/ELECTRIC,2.9,17.5,67
HONDA,ACCORD,DIESEL,5.8,,153
HONDA,ACCORD,PETROL,7.7,,178
HONDA,CIVIC,DIESEL,3.5,,106
HONDA,CIVIC,LPG,5.8,,144
HONDA,CIVIC,PETROL,5.5,,141
HONDA,CR-V,DIESEL,4.9,,144
HONDA,CR-V,LPG,5.3,,175
HONDA,CR-V,PETROL,6.5,,174
HONDA,CR-V,PETROL/ELECTRIC,1.5,15.4,36
HONDA,HR-V,DIESEL,4.0,,108
HONDA,HR-V,PETROL,5.3,,135
HONDA,INSIGHT,PETROL,4.4,,103
HONDA,JAZZ,PETROL,4.5,,122
HYUNDAI,BAYON,LPG,7.0,,115
HYUNDAI,BAYON,PETROL,5.4,,123
HYUNDAI,ELANTRA,DIESEL,4.4,,117
HYUNDAI,ELANTRA,LPG,6.2,,153
HYUNDAI,ELANTRA,PETROL,6.1,,149
HYUNDAI,I10,DIESEL,4.3,,114
HYUNDAI,I10,LPG,6.3,,112
HYUNDAI,I10,PETROL,5.1,,116
HYUNDAI,I20,DIESEL,3.9,,102
HYUNDAI,I20,LPG,6.6,,117
HYUNDAI,I20,PETROL,5.3,,121
HYUNDAI,I30,DIESEL,4.6,,111
HYUNDAI,I30,LPG,5.8,,135
HYUNDAI,I30,PETROL,5.9,,139
HYUNDAI,I40,DIESEL,4.8,,126
HYUNDAI,I40,PETROL,6.6,,152
HYUNDAI,INSTER,ELECTRIC,,15.3,0
HYUNDAI,IONIQ,ELECTRIC,,13.0,0
HYUNDAI,IONIQ,PETROL,4.4,,95
HYUNDAI,IONIQ,PETROL/ELECTRIC,1.1,11.2,29
HYUNDAI,IONIQ 5,ELECTRIC,,17.5,0
HYUNDAI,IONIQ 6,ELECTRIC,,15.1,0
HYUNDAI,IX20,DIESEL,4.4,,117
HYUNDAI,IX20,LPG,,,144
HYUNDAI,IX20,PETROL,6.2,,144
HYUNDAI,IX35,DIESEL,5.6,,147
HYUNDAI,IX35,PETROL,7.0,,163
HYUNDAI,KONA,DIESEL,4.8,,134
HYUNDAI,KONA,ELECTRIC,,14.9,0
HYUNDAI,KONA,PETROL,5.3,,133
HYUNDAI,KONA,PETROL/ELECTRIC,4.5,4.0,108
HYUNDAI,SANTA FE,DIESEL,6.6,,177
HYUNDAI,SANTA FE,PETROL,6.7,,171
HYUNDAI,SANTA FE,PETROL/ELECTRIC,1.7,18.5,39
HYUNDAI,TUCSON,DIESEL,5.0,,138
HYUNDAI,TUCSON,LPG,5.8,,131
HYUNDAI,TUCSON,PETROL,6.1,,158
HYUNDAI,TUCSON,PETROL/ELECTRIC,1.5,17.6,36
INFINITI,Q30,DIESEL,4.3,,112
INFINITI,Q30,PETROL,6.4,,148
JAGUAR,E-PACE,DIESEL,6.3,,176
JAGUAR,E-PACE,E85,9.3,,211
JAGUAR,E-PACE,PETROL,8.3,,206
JAGUAR,E-PACE,PETROL/ELECTRIC,2.2,19.8,42
JAGUAR,F-PACE,DIESEL,6.5,,158
JAGUAR,F-PACE,PETROL,10.3,,216
JAGUAR,F-PACE,PETROL/ELECTRIC,3.2,22.6,52
JAGUAR,F-TYPE,PETROL,9.9,,218
JAGUAR,I-PACE,ELECTRIC,,23.7,0
JAGUAR,XE,DIESEL,5.2,,116
JAGUAR,XE,PETROL,8.3,,176
JAGUAR,XF,DIESEL,5.5,,146
JAGUAR,XF,PETROL,8.5,,211
JEEP,AVENGER,ELECTRIC,,15.4,0
JEEP,AVENGER,PETROL,5.4,,121
JEEP,CHEROKEE,DIESEL,8.1,,163
JEEP,CHEROKEE,PETROL,9.9,,233
JEEP,COMPASS,DIESEL,5.3,,156
JEEP,COMPASS,PETROL,6.1,,161
JEEP,COMPASS,PETROL/ELECTRIC,2.5,16.6,61
JEEP,GRAND CHEROKEE,DIESEL,9.5,,208
JEEP,GRAND CHEROKEE,E85,,,243
JEEP,GRAND CHEROKEE,PETROL,13.0,,322
JEEP,GRAND CHEROKEE,PETROL/ELECTRIC,2.7,27.0,64
JEEP,RENEGADE,DIESEL,5.0,,137
JEEP,RENEGADE,LPG,6.2,,145
JEEP,RENEGADE,PETROL,6.1,,150
JEEP,RENEGADE,PETROL/ELECTRIC,2.5,17.1,64
JEEP,WRANGLER,DIESEL,9.0,,228
JEEP,WRANGLER,PETROL,11.2,,261
JEEP,WRANGLER,PETROL/ELECTRIC,3.8,23.0,92
KIA,CARENS,DIESEL,4.8,,128
KIA,CARENS,PETROL,6.6,,153
KIA,CEED,DIESEL,4.6,,114
KIA,CEED,LPG,6.1,,136
KIA,CEED,PETROL,5.8,,137
KIA,CEED,PETROL/ELECTRIC,1.4,10.8,30
KIA,EV3,ELECTRIC,,15.1,0
KIA,EV6,ELECTRIC,,17.2,0
KIA,NIRO,ELECTRIC,,16.1,0
KIA,NIRO,PETROL,4.5,,103
KIA,NIRO,PETROL/ELECTRIC,1.1,11.9,48
KIA,OPTIMA,DIESEL,5.0,,126
KIA,OPTIMA,PETROL,7.7,,170
KIA,OPTIMA,PETROL/ELECTRIC,1.5,13.7,35
KIA,PICANTO,DIESEL,4.3,,113
KIA,PICANTO,LPG,5.0,,107
KIA,PICANTO,PETROL,5.1,,111
KIA,PROCEED,DIESEL,4.7,,134
KIA,PROCEED,PETROL,6.4,,149
KIA,RIO,DIESEL,3.8,,101
KIA,RIO,LPG,5.0,,114
KIA,RIO,NG,,,115
KIA,RIO,PETROL,5.4,,120
KIA,SORENTO,DIESEL,6.5,,177
KIA,SORENTO,PETROL,6.8,,168
KIA,SORENTO,PETROL/ELECTRIC,1.7,18.0,40
KIA,SOUL,DIESEL,5.2,,137
KIA,SOUL,ELECTRIC,,15.0,0
KIA,SOUL,LPG,,,137
KIA,SOUL,PETROL,6.7,,156
KIA,SPORTAGE,DIESEL,5.2,,144
KIA,SPORTAGE,LPG,7.2,,153
KIA,SPORTAGE,PETROL,6.3,,162
KIA,SPORTAGE,PETROL/ELECTRIC,1.2,17.3,29
KIA,STONIC,DIESEL,4.5,,117
KIA,STONIC,LPG,5.7,,127
KIA,STONIC,PETROL,5.5,,131
KIA,VENGA,DIESEL,4.5,,119
KIA,VENGA,LPG,,,138
KIA,VENGA,PETROL,6.3,,146
KIA,XCEED,DIESEL,5.0,,137
KIA,XCEED,LPG,6.4,,133
KIA,XCEED,PETROL,6.2,,144
KIA,XCEED,PETROL/ELECTRIC,1.6,12.1,36
LADA,4X4,PETROL,9.7,,225
LANCIA,DELTA,DIESEL,4.7,,125
LANCIA,DELTA,LPG,,,134
LANCIA,DELTA,PETROL,6.5,,150
LANCIA,MUSA,DIESEL,4.4,,116
LANCIA,MUSA,LPG,,,120
LANCIA,MUSA,PETROL,6.0,,140
LANCIA,VOYAGER,DIESEL,7.8,,207
LANCIA,VOYAGER,PETROL,10.9,,252
LANCIA,YPSILON,DIESEL,3.6,,100
LANCIA,YPSILON,ELECTRIC,,14.5,0
LANCIA,YPSILON,LPG,6.2,,119
LANCIA,YPSILON,NG,6.0,,92
LANCIA,YPSILON,PETROL,4.9,,121
LAND ROVER,DEFENDER,DIESEL,8.7,,239
LAND ROVER,DEFENDER,PETROL,12.8,,283
LAND ROVER,DEFENDER,PETROL/ELECTRIC,3.4,25.8,70
LAND ROVER,DISCOVERY,DIESEL,7.0,,183
LAND ROVER,DISCOVERY,E85,9.7,,218
LAND ROVER,DISCOVERY,PETROL,9.2,,220
LAND ROVER,DISCOVERY,PETROL/ELECTRIC,2.3,19.6,42
LAND ROVER,DISCOVERY SPORT,DIESEL,5.3,,139
LAND ROVER,FREELANDER,DIESEL,6.7,,178
LAND ROVER,RANGE ROVER,DIESEL,7.0,,178
LAND ROVER,RANGE ROVER,E85,9.3,,210
LAND ROVER,RANGE ROVER,PETROL,10.0,,246
LAND ROVER,RANGE ROVER,PETROL/ELECTRIC,1.9,24.3,51
LAND ROVER,RANGE ROVER EVOQUE,DIESEL,5.4,,142
LAND ROVER,RANGE ROVER SPORT,DIESEL,7.2,,189
LEAPMOTOR,T03,ELECTRIC,,15.3,0
LEXUS,CT200H,PETROL,4.9,,97
LEXUS,CT200H,PETROL/ELECTRIC,3.7,,87
LEXUS,ES300H,PETROL,5.3,,123
LEXUS,IS300H,PETROL,5.8,,111
LEXUS,IS300H,PETROL/ELECTRIC,4.5,,104
LEXUS,LBX,PETROL,4.6,,103
LEXUS,NX300H,PETROL,7.1,,143
LEXUS,NX300H,PETROL/ELECTRIC,5.1,,119
LEXUS,NX350H,PETROL,5.8,,136
LEXUS,NX450H+,PETROL/ELECTRIC,1.1,17.0,27
LEXUS,RX450H,PETROL,7.5,,151
LEXUS,UX250H,PETROL,5.3,,124
LYNK&CO,01,PETROL,6.6,,150
LYNK&CO,01,PETROL/ELECTRIC,1.1,19.1,25
MAZDA,2,DIESEL,3.8,,101
MAZDA,2,LPG,,,111
MAZDA,2,PETROL,4.6,,115
MAZDA,3,DIESEL,4.8,,115
MAZDA,3,PETROL,5.8,,132
MAZDA,5,DIESEL,5.5,,144
MAZDA,5,PETROL,7.3,,170
MAZDA,6,DIESEL,5.9,,127
MAZDA,6,LPG,,,138
MAZDA,6,PETROL,7.2,,151
MAZDA,CX-3,DIESEL,4.4,,116
MAZDA,CX-3,PETROL,6.3,,145
MAZDA,CX-30,DIESEL,5.2,,143
MAZDA,CX-30,PETROL,6.1,,141
MAZDA,CX-5,DIESEL,6.2,,142
MAZDA,CX-5,PETROL,7.1,,160
MAZDA,CX-60,DIESEL,5.3,,137
MAZDA,CX-60,PETROL/ELECTRIC,1.5,22.9,33
MAZDA,CX-7,DIESEL,7.3,,199
MAZDA,CX-7,PETROL,10.5,,243
MAZDA,MX-30,ELECTRIC,,18.1,0
MAZDA,MX-30,PETROL/ELECTRIC,1.0,17.3,21
MAZDA,MX-5,PETROL,6.6,,157
MERCEDES-BENZ,A 160,DIESEL,4.4,,112
MERCEDES-BENZ,A 160,PETROL,5.9,,141
MERCEDES-BENZ,A 180,DIESEL,5.0,,113
MERCEDES-BENZ,A 180,PETROL,6.0,,134
MERCEDES-BENZ,A 200,DIESEL,5.0,,115
MERCEDES-BENZ,A 200,PETROL,6.0,,139
MERCEDES-BENZ,A 220,DIESEL,5.2,,119
MERCEDES-BENZ,A 220,PETROL,7.0,,161
MERCEDES-BENZ,A 250,PETROL,6.9,,156
MERCEDES-BENZ,A 250,PETROL/ELECTRIC,1.0,19.1,24
MERCEDES-BENZ,AMG C 43,PETROL,9.4,,203
MERCEDES-BENZ,AMG G 63,PETROL,15.7,,349
MERCEDES-BENZ,B 160,DIESEL,4.4,,108
MERCEDES-BENZ,B 160,PETROL,6.0,,153
MERCEDES-BENZ,B 180,DIESEL,5.1,,118
MERCEDES-BENZ,B 180,NG,,,155
MERCEDES-BENZ,B 180,PETROL,6.1,,140
MERCEDES-BENZ,B 200,DIESEL,5.1,,124
MERCEDES-BENZ,B 200,NG,,,116
MERCEDES-BENZ,B 200,PETROL,6.2,,142
MERCEDES-BENZ,B 220 4MATIC,PETROL,7.2,,163
MERCEDES-BENZ,B 250 E,ELECTRIC,,17.6,0
MERCEDES-BENZ,B 250 E,PETROL/ELECTRIC,1.1,19.6,26
MERCEDES-BENZ,C 180,DIESEL,4.9,,123
MERCEDES-BENZ,C 180,PETROL,6.7,,149
MERCEDES-BENZ,C 200,DIESEL,4.8,,130
MERCEDES-BENZ,C 200,PETROL,6.8,,148
MERCEDES-BENZ,C 220,DIESEL,5.0,,127
MERCEDES-BENZ,C 250,DIESEL,4.9,,130
MERCEDES-BENZ,C 250,PETROL,6.3,,147
MERCEDES-BENZ,C 300,DIESEL,5.3,,141
MERCEDES-BENZ,C 300,DIESEL/ELECTRIC,0.8,21.1,34
MERCEDES-BENZ,C 300,PETROL,7.2,,168
MERCEDES-BENZ,C 300,PETROL/ELECTRIC,0.7,20.7,20
MERCEDES-BENZ,C 350 E,PETROL/ELECTRIC,2.2,11.9,50
MERCEDES-BENZ,CITAN,DIESEL,5.5,,127
MERCEDES-BENZ,CITAN,PETROL,6.9,,150
MERCEDES-BENZ,CLA,DIESEL,5.1,,119
MERCEDES-BENZ,CLA,ELECTRIC,,12.6,0
MERCEDES-BENZ,CLA,PETROL,6.3,,142
MERCEDES-BENZ,CLA,PETROL/ELECTRIC,1.1,19.2,26
MERCEDES-BENZ,CLASSE A,DIESEL,5.1,,117
MERCEDES-BENZ,CLASSE A,PETROL,6.2,,140
MERCEDES-BENZ,CLASSE A,PETROL/ELECTRIC,1.1,21.1,26
MERCEDES-BENZ,CLASSE B,DIESEL,5.2,,120
MERCEDES-BENZ,CLASSE B,PETROL,6.2,,142
MERCEDES-BENZ,CLASSE B,PETROL/ELECTRIC,1.2,21.5,27
MERCEDES-BENZ,CLASSE C,DIESEL,5.3,,129
MERCEDES-BENZ,CLASSE C,PETROL,7.1,,158
MERCEDES-BENZ,CLASSE C,PETROL/ELECTRIC,1.4,14.7,48
MERCEDES-BENZ,CLASSE CLA,DIESEL,5.2,,118
MERCEDES-BENZ,CLASSE CLA,PETROL,6.6,,144
MERCEDES-BENZ,CLASSE CLA,PETROL/ELECTRIC,1.1,21.0,26
MERCEDES-BENZ,CLASSE E,DIESEL,5.7,,141
MERCEDES-BENZ,CLASSE E,DIESEL/ELECTRIC,1.3,22.4,67
MERCEDES-BENZ,CLASSE E,PETROL,8.6,,178
MERCEDES-BENZ,CLASSE E,PETROL/ELECTRIC,1.6,15.7,54
MERCEDES-BENZ,CLASSE GLA,DIESEL,5.5,,128
MERCEDES-BENZ,CLASSE GLA,PETROL,6.9,,155
MERCEDES-BENZ,CLASSE GLA,PETROL/ELECTRIC,1.4,22.5,33
MERCEDES-BENZ,CLASSE GLC,DIESEL,6.3,,153
MERCEDES-BENZ,CLASSE GLC,DIESEL/ELECTRIC,1.9,27.0,51
MERCEDES-BENZ,CLASSE GLC,PETROL,11.6,,195
MERCEDES-BENZ,CLASSE GLC,PETROL/ELECTRIC,2.3,20.4,58
MERCEDES-BENZ,CLASSE GLE,DIESEL,7.6,,190
MERCEDES-BENZ,CLASSE GLE,DIESEL/ELECTRIC,0.9,34.2,24
MERCEDES-BENZ,CLASSE GLE,PETROL,11.4,,234
MERCEDES-BENZ,CLASSE GLE,PETROL/ELECTRIC,1.1,20.5,70
MERCEDES-BENZ,CLASSE GLK,DIESEL,6.3,,167
MERCEDES-BENZ,CLASSE M,DIESEL,7.4,,194
MERCEDES-BENZ,E 200,DIESEL,5.1,,133
MERCEDES-BENZ,E 200,NG,,,132
MERCEDES-BENZ,E 200,PETROL,7.3,,162
MERCEDES-BENZ,E 220,DIESEL,5.4,,133
MERCEDES-BENZ,E 250,DIESEL,5.4,,143
MERCEDES-BENZ,E 250,PETROL,7.0,,162
MERCEDES-BENZ,E 300,DIESEL,6.1,,145
MERCEDES-BENZ,E 300,DIESEL/ELECTRIC,1.1,21.9,38
MERCEDES-BENZ,E 300,PETROL,7.7,,178
MERCEDES-BENZ,E 300,PETROL/ELECTRIC,1.1,20.6,32
MERCEDES-BENZ,E 350 BLUETEC,DIESEL,5.9,,156
MERCEDES-BENZ,E 350 CDI,DIESEL,7.0,,184
MERCEDES-BENZ,E 350 D,DIESEL,5.8,,156
MERCEDES-BENZ,E 400 D 4 MATIC,DIESEL,7.1,,190
MERCEDES-BENZ,EQA 250,ELECTRIC,,17.2,0
MERCEDES-BENZ,EQA 250+,ELECTRIC,,14.9,0
MERCEDES-BENZ,EQA 300 4MATIC,ELECTRIC,,17.5,0
MERCEDES-BENZ,EQB 250+,ELECTRIC,,16.0,0
MERCEDES-BENZ,EQB 300 4MATIC,ELECTRIC,,18.3,0
MERCEDES-BENZ,EQC 400 4MATIC,ELECTRIC,,23.1,0
MERCEDES-BENZ,G 500,PETROL,14.3,,325
MERCEDES-BENZ,GLA,DIESEL,5.5,,130
MERCEDES-BENZ,GLA,PETROL,6.9,,156
MERCEDES-BENZ,GLA,PETROL/ELECTRIC,1.3,20.1,31
MERCEDES-BENZ,GLB 200,DIESEL,5.6,,150
MERCEDES-BENZ,GLB 200,PETROL,7.0,,162
MERCEDES-BENZ,GLB 220 D 4MATIC,DIESEL,5.9,,157
MERCEDES-BENZ,GLC,DIESEL,5.7,,153
MERCEDES-BENZ,GLC,DIESEL/ELECTRIC,1.2,24.1,36
MERCEDES-BENZ,GLC,PETROL,7.5,,183
MERCEDES-BENZ,GLC,PETROL/ELECTRIC,1.2,23.3,40
MERCEDES-BENZ,GLE 250 D 4MATIC,DIESEL,5.9,,155
MERCEDES-BENZ,GLE 300 D 4MATIC,DIESEL,6.9,,195
MERCEDES-BENZ,GLE 350 D 4MATIC,DIESEL,7.9,,194
MERCEDES-BENZ,GLE 350 DE 4MATIC,DIESEL/ELECTRIC,0.9,30.1,24
MERCEDES-BENZ,GLE 400 D 4MATIC,DIESEL,8.1,,219
MERCEDES-BENZ,GLE 450 4MATIC,PETROL,9.8,,221
MERCEDES-BENZ,GLK 220 CDI 4MATIC,DIESEL,6.3,,166
MERCEDES-BENZ,MARCO POLO,DIESEL,8.2,,202
MERCEDES-BENZ,ML 250 BLUETEC 4MATIC,DIESEL,6.2,,163
MERCEDES-BENZ,ML 350 BLUETEC 4MATIC,DIESEL,7.4,,191
MERCEDES-BENZ,S 350 D 4MATIC,DIESEL,6.9,,170
MERCEDES-BENZ,S 400 D 4MATIC,DIESEL,7.2,,181
MERCEDES-BENZ,S 500 4MATIC,PETROL,8.7,,218
MERCEDES-BENZ,SLK 200,PETROL,6.9,,159
MERCEDES-BENZ,SLK 250,DIESEL,5.0,,132
MERCEDES-BENZ,SPRINTER,DIESEL,10.8,,221
MERCEDES-BENZ,V-KLASSE,DIESEL,7.8,,191
MERCEDES-BENZ,VIANO,DIESEL,8.6,,221
MERCEDES-BENZ,VITO,DIESEL,7.3,,188
MG,3,PETROL,4.4,,100
MG,4,ELECTRIC,,17.0,0
MG,EHS,PETROL/ELECTRIC,1.8,23.3,43
MG,HS,PETROL,6.8,,165
MG,HS,PETROL/ELECTRIC,0.6,21.6,18
MG,ZS,ELECTRIC,,18.2,0
MG,ZS,PETROL,6.2,,143
MG,ZS,PETROL/ELECTRIC,5.1,4.0,114
MINI,CLUBMAN COOPER,DIESEL,5.0,,121
MINI,CLUBMAN COOPER,PETROL,6.2,,139
MINI,CLUBMAN ONE,DIESEL,4.6,,109
MINI,CLUBMAN ONE,PETROL,6.0,,134
MINI,COOPER,DIESEL,5.3,,116
MINI,COOPER,ELECTRIC,,15.2,0
MINI,COOPER,PETROL,5.9,,133
MINI,COOPER,PETROL/ELECTRIC,1.8,12.7,58
MINI,COUNTRYMAN,DIESEL,4.9,,132
MINI,COUNTRYMAN,ELECTRIC,,17.2,0
MINI,COUNTRYMAN,PETROL,6.4,,150
MINI,COUNTRYMAN,PETROL/ELECTRIC,2.7,14.7,47
MINI,JOHN COOPER WORKS,PETROL,6.8,,155
MINI,ONE,DIESEL,4.9,,102
MINI,ONE,PETROL,5.5,,125
MITSUBISHI,ASX,DIESEL,5.3,,139
MITSUBISHI,ASX,LPG,6.9,,133
MITSUBISHI,ASX,PETROL,5.7,,142
MITSUBISHI,ASX,PETROL/ELECTRIC,1.6,13.3,38
MITSUBISHI,COLT,LPG,6.0,,117
MITSUBISHI,COLT,PETROL,5.0,,122
MITSUBISHI,ECLIPSE CROSS,DIESEL,7.3,,194
MITSUBISHI,ECLIPSE CROSS,PETROL,5.3,,178
MITSUBISHI,ECLIPSE CROSS,PETROL/ELECTRIC,2.0,17.5,46
MITSUBISHI,LANCER,DIESEL,5.9,,155
MITSUBISHI,LANCER,LPG,,,144
MITSUBISHI,LANCER,PETROL,6.6,,152
MITSUBISHI,OUTLANDER,DIESEL,5.9,,156
MITSUBISHI,OUTLANDER,LPG,7.1,,152
MITSUBISHI,OUTLANDER,PETROL,7.3,,155
MITSUBISHI,OUTLANDER,PETROL/ELECTRIC,1.1,15.0,44
MITSUBISHI,PAJERO,DIESEL,8.7,,228
MITSUBISHI,SPACE STAR,LPG,4.6,,93
MITSUBISHI,SPACE STAR,PETROL,5.1,,108
NISSAN,ARIYA,ELECTRIC,,19.2,0
NISSAN,JUKE,DIESEL,4.9,,114
NISSAN,JUKE,LPG,,,135
NISSAN,JUKE,PETROL,5.6,,140
NISSAN,LEAF,ELECTRIC,,17.9,0
NISSAN,MICRA,DIESEL,4.1,,107
NISSAN,MICRA,LPG,6.2,,106
NISSAN,MICRA,PETROL,5.4,,120
NISSAN,NOTE,DIESEL,3.8,,100
NISSAN,NOTE,LPG,,,118
NISSAN,NOTE,PETROL,5.3,,123
NISSAN,NV200,DIESEL,5.1,,135
NISSAN,NV200,PETROL,7.3,,170
NISSAN,PIXO,LPG,,,96
NISSAN,PIXO,PETROL,4.5,,104
NISSAN,PULSAR,DIESEL,3.6,,94
NISSAN,PULSAR,PETROL,5.1,,118
NISSAN,QASHQAI,DIESEL,4.6,,121
NISSAN,QASHQAI,LPG,,,138
NISSAN,QASHQAI,PETROL,6.0,,143
NISSAN,QASHQAI+2,DIESEL,5.5,,144
NISSAN,QASHQAI+2,PETROL,7.6,,176
NISSAN,X-TRAIL,DIESEL,6.0,,147
NISSAN,X-TRAIL,PETROL,6.4,,153
OMODA,5,ELECTRIC,,17.7,0
OMODA,5,PETROL,6.8,,157
OPEL,ADAM,LPG,,,119
OPEL,ADAM,PETROL,6.4,,126
OPEL,AGILA,DIESEL,4.5,,120
OPEL,AGILA,LPG,,,111
OPEL,AGILA,PETROL,4.7,,120
OPEL,ANTARA,DIESEL,7.0,,184
OPEL,ANTARA,PETROL,9.3,,216
OPEL,ASTRA,DIESEL,4.8,,114
OPEL,ASTRA,ELECTRIC,,15.1,0
OPEL,ASTRA,LPG,,,134
OPEL,ASTRA,NG,,,123
OPEL,ASTRA,PETROL,5.5,,136
OPEL,ASTRA,PETROL/ELECTRIC,2.1,15.0,27
OPEL,CASCADA,DIESEL,5.3,,141
OPEL,CASCADA,PETROL,6.8,,157
OPEL,COMBO,DIESEL,5.3,,146
OPEL,COMBO,ELECTRIC,,19.8,0
OPEL,COMBO,NG,,,141
OPEL,COMBO,PETROL,6.6,,157
OPEL,CORSA,DIESEL,4.0,,105
OPEL,CORSA,ELECTRIC,,16.0,0
OPEL,CORSA,LPG,5.1,,122
OPEL,CORSA,PETROL,5.2,,127
OPEL,CROSSLAND,DIESEL,4.7,,119
OPEL,CROSSLAND,LPG,,,121
OPEL,CROSSLAND,PETROL,5.9,,135
OPEL,FRONTERA,ELECTRIC,,17.5,0
OPEL,FRONTERA,PETROL,5.3,,116
OPEL,GRANDLAND,DIESEL,5.1,,134
OPEL,GRANDLAND,ELECTRIC,,20.0,0
OPEL,GRANDLAND,PETROL,6.1,,144
OPEL,GRANDLAND,PETROL/ELECTRIC,2.9,15.9,31
OPEL,INSIGNIA,DIESEL,5.0,,132
OPEL,INSIGNIA,LPG,,,130
OPEL,INSIGNIA,PETROL,7.8,,163
OPEL,KARL,LPG,,,105
OPEL,KARL,PETROL,6.2,,113
OPEL,MERIVA,DIESEL,4.9,,129
OPEL,MERIVA,LPG,,,126
OPEL,MERIVA,PETROL,6.1,,145
OPEL,MOKKA,DIESEL,4.5,,121
OPEL,MOKKA,ELECTRIC,,16.3,0
OPEL,MOKKA,LPG,,,139
OPEL,MOKKA,PETROL,5.7,,147
OPEL,VIVARO,DIESEL,6.8,,172
OPEL,VIVARO,ELECTRIC,,26.4,0
OPEL,ZAFIRA,DIESEL,7.1,,137
OPEL,ZAFIRA,ELECTRIC,,26.5,0
OPEL,ZAFIRA,LPG,,,146
OPEL,ZAFIRA,NG,,,133
OPEL,ZAFIRA,PETROL,6.9,,161
PEUGEOT,107,DIESEL,4.1,,109
PEUGEOT,107,PETROL,4.3,,102
PEUGEOT,108,PETROL,4.8,,102
PEUGEOT,2008,DIESEL,4.6,,107
PEUGEOT,2008,ELECTRIC,,16.6,0
PEUGEOT,2008,PETROL,5.5,,123
PEUGEOT,206+,DIESEL,4.0,,106
PEUGEOT,206+,LPG,,,114
PEUGEOT,206+,PETROL,6.0,,139
PEUGEOT,207,DIESEL,4.5,,112
PEUGEOT,207,LPG,,,127
PEUGEOT,207,PETROL,6.2,,144
PEUGEOT,208,DIESEL,4.1,,96
PEUGEOT,208,ELECTRIC,,15.9,0
PEUGEOT,208,LPG,4.0,,114
PEUGEOT,208,PETROL,5.1,,114
PEUGEOT,3008,DIESEL,5.1,,129
PEUGEOT,3008,DIESEL/ELECTRIC,3.5,,92
PEUGEOT,3008,ELECTRIC,,17.0,0
PEUGEOT,3008,PETROL,5.9,,140
PEUGEOT,3008,PETROL/ELECTRIC,1.4,15.8,32
PEUGEOT,301,DIESEL,4.4,,107
PEUGEOT,301,LPG,,,113
PEUGEOT,301,PETROL,5.7,,133
PEUGEOT,308,DIESEL,4.7,,109
PEUGEOT,308,ELECTRIC,,15.1,0
PEUGEOT,308,PETROL,5.5,,127
PEUGEOT,308,PETROL/ELECTRIC,1.2,15.1,27
PEUGEOT,4008,DIESEL,5.2,,138
PEUGEOT,407,DIESEL,5.4,,142
PEUGEOT,407,PETROL,8.2,,190
PEUGEOT,408,PETROL,5.7,,127
PEUGEOT,408,PETROL/ELECTRIC,1.3,15.4,30
PEUGEOT,5008,DIESEL,5.4,,135
PEUGEOT,5008,ELECTRIC,,18.7,0
PEUGEOT,5008,PETROL,6.2,,146
PEUGEOT,5008,PETROL/ELECTRIC,1.3,20.8,32
PEUGEOT,508,DIESEL,4.8,,120
PEUGEOT,508,DIESEL/ELECTRIC,3.7,,98
PEUGEOT,508,PETROL,6.2,,149
PEUGEOT,508,PETROL/ELECTRIC,1.5,15.5,34
PEUGEOT,807,DIESEL,6.2,,163
PEUGEOT,BIPPER,DIESEL,4.4,,117
PEUGEOT,BIPPER,PETROL,6.6,,153
PEUGEOT,BOXER,DIESEL,8.8,,191
PEUGEOT,EXPERT,DIESEL,6.7,,170
PEUGEOT,EXPERT,ELECTRIC,,26.0,0
PEUGEOT,ION,ELECTRIC,,13.1,0
PEUGEOT,PARTNER,DIESEL,5.4,,126
PEUGEOT,PARTNER,ELECTRIC,,18.8,0
PEUGEOT,PARTNER,LPG,,,119
PEUGEOT,PARTNER,PETROL,6.0,,140
PEUGEOT,RCZ,DIESEL,5.2,,137
PEUGEOT,RCZ,PETROL,6.6,,154
PEUGEOT,RIFTER,DIESEL,5.3,,148
PEUGEOT,RIFTER,PETROL,6.7,,159
POLESTAR,2,ELECTRIC,,17.7,0
POLESTAR,4,ELECTRIC,,18.9,0
PORSCHE,911 CARRERA,PETROL,10.5,,219
PORSCHE,911 GT3,PETROL,13.1,,296
PORSCHE,911 TURBO S,PETROL,12.0,,248
PORSCHE,CAYENNE,DIESEL,7.3,,193
PORSCHE,CAYENNE,PETROL,11.4,,253
PORSCHE,CAYENNE,PETROL/ELECTRIC,2.3,24.7,70
PORSCHE,MACAN,DIESEL,6.1,,161
PORSCHE,MACAN,ELECTRIC,,19.1,0
PORSCHE,MACAN,PETROL,10.3,,224
PORSCHE,PANAMERA 4 E-HYBRID,PETROL,6.2,,174
PORSCHE,PANAMERA 4 E-HYBRID,PETROL/ELECTRIC,2.0,19.5,58
PORSCHE,TAYCAN 4S,ELECTRIC,,24.5,0
RENAULT,5 E-TECH ELECTRIC,ELECTRIC,,14.8,0
RENAULT,ARKANA,PETROL,5.2,,119
RENAULT,ARKANA,PETROL/ELECTRIC,4.2,,121
RENAULT,AUSTRAL,PETROL,5.2,,117
RENAULT,CAPTUR,DIESEL,4.4,,104
RENAULT,CAPTUR,LPG,6.7,,121
RENAULT,CAPTUR,NG,5.9,,119
RENAULT,CAPTUR,PETROL,5.4,,127
RENAULT,CAPTUR,PETROL/ELECTRIC,1.4,14.4,34
RENAULT,CLIO,DIESEL,4.1,,98
RENAULT,CLIO,E85,,,135
RENAULT,CLIO,LPG,6.3,,114
RENAULT,CLIO,NG,5.4,,109
RENAULT,CLIO,PETROL,5.0,,121
RENAULT,ESPACE,DIESEL,6.3,,146
RENAULT,ESPACE,PETROL,4.8,,130
RENAULT,FLUENCE,DIESEL,4.5,,118
RENAULT,FLUENCE,ELECTRIC,,14.0,0
RENAULT,FLUENCE,LPG,,,151
RENAULT,FLUENCE,PETROL,6.7,,156
RENAULT,KADJAR,DIESEL,4.9,,114
RENAULT,KADJAR,LPG,6.3,,126
RENAULT,KADJAR,PETROL,6.1,,139
RENAULT,KANGOO,DIESEL,5.3,,128
RENAULT,KANGOO,E85,,,183
RENAULT,KANGOO,ELECTRIC,,19.8,0
RENAULT,KANGOO,LPG,,,170
RENAULT,KANGOO,PETROL,6.9,,159
RENAULT,KOLEOS,DIESEL,6.5,,165
RENAULT,KOLEOS,PETROL,6.7,,159
RENAULT,LAGUNA,DIESEL,5.0,,131
RENAULT,LAGUNA,E85,,,173
RENAULT,LAGUNA,PETROL,8.0,,187
RENAULT,MASTER,DIESEL,10.4,,203
RENAULT,MEGANE,DIESEL,4.6,,111
RENAULT,MEGANE,E85,,,163
RENAULT,MEGANE,ELECTRIC,,16.1,0
RENAULT,MEGANE,LPG,5.2,,145
RENAULT,MEGANE,PETROL,6.0,,142
RENAULT,MEGANE,PETROL/ELECTRIC,1.3,15.1,30
RENAULT,MODUS,DIESEL,4.2,,111
RENAULT,MODUS,PETROL,6.2,,143
RENAULT,RAFALE,PETROL,4.8,,108
RENAULT,RAFALE,PETROL/ELECTRIC,0.6,21.0,16
RENAULT,SCENIC,DIESEL,5.1,,121
RENAULT,SCENIC,ELECTRIC,,17.3,0
RENAULT,SCENIC,PETROL,6.5,,143
RENAULT,SYMBIOZ,PETROL,4.7,,105
RENAULT,TALISMAN,DIESEL,5.7,,118
RENAULT,TALISMAN,PETROL,6.3,,144
RENAULT,THALIA,PETROL,6.0,,139
RENAULT,TRAFIC,DIESEL,7.1,,174
RENAULT,TWINGO,DIESEL,3.7,,97
RENAULT,TWINGO,ELECTRIC,,15.9,0
RENAULT,TWINGO,LPG,,,135
RENAULT,TWINGO,PETROL,5.1,,113
RENAULT,WIND,PETROL,6.4,,148
RENAULT,ZOE,ELECTRIC,,16.7,0
SAAB,9-3,DIESEL,5.5,,145
SAAB,9-3,E85,,,180
SAAB,9-3,PETROL,8.4,,194
SEAT,ALHAMBRA,DIESEL,6.0,,150
SEAT,ALHAMBRA,PETROL,8.3,,173
SEAT,ALTEA,DIESEL,4.8,,128
SEAT,ALTEA,LPG,,,162
SEAT,ALTEA,PETROL,7.3,,146
SEAT,ARONA,DIESEL,4.8,,127
SEAT,ARONA,NG,5.4,,105
SEAT,ARONA,PETROL,5.5,,127
SEAT,ATECA,DIESEL,5.1,,139
SEAT,ATECA,PETROL,6.4,,146
SEAT,CUPRA ATECA,PETROL,8.2,,199
SEAT,EXEO,DIESEL,5.3,,139
SEAT,EXEO,PETROL,7.6,,177
SEAT,IBIZA,DIESEL,4.5,,105
SEAT,IBIZA,LPG,5.2,,121
SEAT,IBIZA,NG,5.4,,106
SEAT,IBIZA,PETROL,5.3,,122
SEAT,LEON,DIESEL,4.5,,113
SEAT,LEON,LPG,5.8,,117
SEAT,LEON,NG,5.9,,113
SEAT,LEON,PETROL,5.5,,129
SEAT,LEON,PETROL/ELECTRIC,0.9,15.0,25
SEAT,MII,ELECTRIC,,14.0,0
SEAT,MII,NG,,,84
SEAT,MII,PETROL,4.5,,104
SEAT,TARRACO,DIESEL,5.8,,172
SEAT,TARRACO,PETROL,7.4,,180
SEAT,TARRACO,PETROL/ELECTRIC,1.7,16.8,40
SEAT,TOLEDO,DIESEL,4.2,,110
SEAT,TOLEDO,LPG,,,114
SEAT,TOLEDO,PETROL,5.0,,116
SKODA,CITIGO,ELECTRIC,,13.6,0
SKODA,CITIGO,LPG,,,103
SKODA,CITIGO,NG,,,83
SKODA,CITIGO,PETROL,4.5,,104
SKODA,ELROQ 60,ELECTRIC,,21.7,0
SKODA,ELROQ 85,ELECTRIC,,15.6,0
SKODA,ENYAQ 60,ELECTRIC,,16.0,0
SKODA,ENYAQ 80,ELECTRIC,,16.4,0
SKODA,ENYAQ 80X,ELECTRIC,,17.4,0
SKODA,ENYAQ 85,ELECTRIC,,15.5,0
SKODA,ENYAQ 85X,ELECTRIC,,16.5,0
SKODA,ENYAQ RS,ELECTRIC,,16.7,0
SKODA,FABIA,DIESEL,4.7,,104
SKODA,FABIA,LPG,5.1,,111
SKODA,FABIA,PETROL,5.2,,119
SKODA,KAMIQ,DIESEL,4.3,,135
SKODA,KAMIQ,NG,5.3,,101
SKODA,KAMIQ,PETROL,5.6,,130
SKODA,KAROQ,DIESEL,5.2,,147
SKODA,KAROQ,PETROL,6.2,,146
SKODA,KODIAQ,DIESEL,5.9,,163
SKODA,KODIAQ,PETROL,7.1,,169
SKODA,KODIAQ,PETROL/ELECTRIC,0.6,17.7,14
SKODA,OCTAVIA,DIESEL,4.6,,119
SKODA,OCTAVIA,E85,5.8,,165
SKODA,OCTAVIA,LPG,5.8,,142
SKODA,OCTAVIA,NG,5.7,,111
SKODA,OCTAVIA,PETROL,5.5,,132
SKODA,OCTAVIA,PETROL/ELECTRIC,2.2,14.9,28
SKODA,RAPID,DIESEL,4.1,,107
SKODA,RAPID,LPG,,,109
SKODA,RAPID,PETROL,4.6,,116
SKODA,RAPIDE,DIESEL,3.9,,103
SKODA,RAPIDE,PETROL,4.9,,114
SKODA,ROOMSTER,DIESEL,4.7,,124
SKODA,ROOMSTER,LPG,,,148
SKODA,ROOMSTER,PETROL,6.0,,139
SKODA,SCALA,DIESEL,4.2,,127
SKODA,SCALA,NG,5.3,,99
SKODA,SCALA,PETROL,5.4,,126
SKODA,SUPERB,DIESEL,5.3,,136
SKODA,SUPERB,PETROL,6.4,,155
SKODA,SUPERB,PETROL/ELECTRIC,1.7,22.0,28
SKODA,YETI,DIESEL,5.5,,144
SKODA,YETI,PETROL,6.2,,144
SMART,#1,ELECTRIC,,17.6,0
SMART,EQ FORFOUR,ELECTRIC,,17.9,0
SMART,EQ FORTWO CABRIO,ELECTRIC,,17.6,0
SMART,EQ FORTWO COUPE,ELECTRIC,,17.3,0
SMART,FORFOUR,ELECTRIC,,13.5,0
SMART,FORFOUR,PETROL,4.6,,107
SMART,FORTWO,DIESEL,3.3,,87
SMART,FORTWO,ELECTRIC,,13.9,0
SMART,FORTWO,PETROL,5.0,,104
SSANGYONG,KORANDO,DIESEL,5.8,,161
SSANGYONG,KORANDO,ELECTRIC,,18.6,0
SSANGYONG,KORANDO,LPG,7.4,,179
SSANGYONG,KORANDO,PETROL,7.9,,181
SSANGYONG,REXTON,DIESEL,8.1,,208
SSANGYONG,TIVOLI,DIESEL,5.3,,127
SSANGYONG,TIVOLI,LPG,6.8,,160
SSANGYONG,TIVOLI,PETROL,7.2,,162
SUBARU,FORESTER,DIESEL,6.1,,160
SUBARU,FORESTER,LPG,,,168
SUBARU,FORESTER,PETROL,8.0,,175
SUBARU,IMPREZA,DIESEL,5.7,,150
SUBARU,IMPREZA,LPG,7.9,,154
SUBARU,IMPREZA,PETROL,7.5,,177
SUBARU,LEGACY,DIESEL,6.1,,161
SUBARU,LEGACY,LPG,,,168
SUBARU,LEGACY,NG,,,144
SUBARU,LEGACY,PETROL,7.8,,181
SUBARU,OUTBACK,DIESEL,6.1,,160
SUBARU,OUTBACK,E85,8.6,,193
SUBARU,OUTBACK,PETROL,8.5,,188
SUBARU,XV,DIESEL,5.5,,144
SUBARU,XV,LPG,8.0,,152
SUBARU,XV,PETROL,7.8,,164
SUZUKI,ALTO,PETROL,4.4,,102
SUZUKI,BALENO,LPG,,,98
SUZUKI,BALENO,PETROL,4.6,,107
SUZUKI,CELERIO,PETROL,4.2,,98
SUZUKI,GRAND VITARA,DIESEL,6.7,,178
SUZUKI,GRAND VITARA,PETROL,7.3,,204
SUZUKI,IGNIS,PETROL,5.2,,115
SUZUKI,IGNIS,PETROL/ELECTRIC,4.0,,104
SUZUKI,JIMNY,DIESEL,6.1,,162
SUZUKI,JIMNY,PETROL,7.4,,168
SUZUKI,S-CROSS,PETROL,5.5,,126
SUZUKI,S-CROSS,PETROL/ELECTRIC,5.6,4.0,126
SUZUKI,SPLASH,DIESEL,4.5,,120
SUZUKI,SPLASH,PETROL,5.1,,118
SUZUKI,SWACE,PETROL,4.4,,103
SUZUKI,SWIFT,DIESEL,4.1,,109
SUZUKI,SWIFT,LPG,5.8,,115
SUZUKI,SWIFT,PETROL,4.8,,116
SUZUKI,SWIFT,PETROL/ELECTRIC,4.3,4.0,99
SUZUKI,SX4,DIESEL,4.7,,124
SUZUKI,SX4,LPG,5.3,,127
SUZUKI,SX4,PETROL,5.6,,135
SUZUKI,VITARA,DIESEL,4.0,,110
SUZUKI,VITARA,LPG,5.6,,124
SUZUKI,VITARA,PETROL,5.5,,133
SUZUKI,VITARA,PETROL/ELECTRIC,5.4,4.0,123
TESLA,MODEL 3,ELECTRIC,,14.7,0
TESLA,MODEL S,ELECTRIC,,19.0,0
TESLA,MODEL X,ELECTRIC,,21.3,0
TESLA,MODEL Y,ELECTRIC,,16.2,0
TOYOTA,AURIS,DIESEL,6.5,,114
TOYOTA,AURIS,LPG,,,127
TOYOTA,AURIS,PETROL,4.8,,108
TOYOTA,AURIS,PETROL/ELECTRIC,3.8,,88
TOYOTA,AVENSIS,DIESEL,4.9,,129
TOYOTA,AVENSIS,LPG,,,141
TOYOTA,AVENSIS,PETROL,6.5,,150
TOYOTA,AYGO,DIESEL,4.1,,109
TOYOTA,AYGO,LPG,4.3,,97
TOYOTA,AYGO,PETROL,4.9,,104
TOYOTA,BZ4X,ELECTRIC,,16.8,0
TOYOTA,C-HR,PETROL,4.9,,109
TOYOTA,C-HR,PETROL/ELECTRIC,0.9,15.1,26
TOYOTA,CAMRY,PETROL,5.3,,122
TOYOTA,COROLLA,DIESEL,4.1,,107
TOYOTA,COROLLA,LPG,5.3,,131
TOYOTA,COROLLA,PETROL,4.8,,114
TOYOTA,COROLLA,PETROL/ELECTRIC,4.7,4.1,104
TOYOTA,GR YARIS,PETROL,8.4,,190
TOYOTA,HIGHLANDER,PETROL,6.8,,157
TOYOTA,IQ,DIESEL,3.9,,104
TOYOTA,IQ,PETROL,4.6,,106
TOYOTA,LAND CRUISER,DIESEL,9.8,,228
TOYOTA,PRIUS,PETROL,5.3,,97
TOYOTA,PRIUS,PETROL/ELECTRIC,0.8,9.5,47
TOYOTA,PROACE,DIESEL,6.3,,167
TOYOTA,PROACE,ELECTRIC,,23.5,0
TOYOTA,PROACE,PETROL,6.6,,152
TOYOTA,RAV4,DIESEL,5.6,,149
TOYOTA,RAV4,LPG,5.5,,156
TOYOTA,RAV4,PETROL,5.7,,133
TOYOTA,RAV4,PETROL/ELECTRIC,1.1,16.8,27
TOYOTA,URBAN CRUISER,DIESEL,4.8,,128
TOYOTA,URBAN CRUISER,PETROL,5.6,,129
TOYOTA,VERSO,DIESEL,4.9,,130
TOYOTA,VERSO,LPG,,,154
TOYOTA,VERSO,PETROL,5.2,,149
TOYOTA,YARIS,DIESEL,3.9,,103
TOYOTA,YARIS,LPG,4.6,,105
TOYOTA,YARIS,PETROL,4.4,,105
TOYOTA,YARIS,PETROL/ELECTRIC,4.4,4.0,81
VOLKSWAGEN,ARTEON,DIESEL,5.4,,142
VOLKSWAGEN,ARTEON,PETROL,7.5,,167
VOLKSWAGEN,ARTEON,PETROL/ELECTRIC,1.3,15.7,31
VOLKSWAGEN,BEETLE,DIESEL,4.7,,123
VOLKSWAGEN,BEETLE,PETROL,5.9,,137
VOLKSWAGEN,CADDY,DIESEL,5.2,,145
VOLKSWAGEN,CADDY,LPG,6.4,,173
VOLKSWAGEN,CADDY,NG,7.1,,138
VOLKSWAGEN,CADDY,PETROL,6.6,,152
VOLKSWAGEN,CADDY,PETROL/ELECTRIC,0.5,18.8,14
VOLKSWAGEN,CALIFORNIA,DIESEL,7.7,,203
VOLKSWAGEN,CALIFORNIA,PETROL,8.0,,213
VOLKSWAGEN,CALIFORNIA,PETROL/ELECTRIC,0.9,22.2,22
VOLKSWAGEN,CARAVELLE,DIESEL,7.9,,204
VOLKSWAGEN,CC,DIESEL,4.9,,129
VOLKSWAGEN,CC,PETROL,7.0,,162
VOLKSWAGEN,CRAFTER,DIESEL,9.1,,219
VOLKSWAGEN,CRAFTER,PETROL,5.9,,136
VOLKSWAGEN,EOS,DIESEL,5.2,,138
VOLKSWAGEN,EOS,PETROL,6.7,,155
VOLKSWAGEN,FOX,DIESEL,4.9,,130
VOLKSWAGEN,FOX,PETROL,6.0,,139
VOLKSWAGEN,GOLF,DIESEL,4.6,,113
VOLKSWAGEN,GOLF,E85,,,134
VOLKSWAGEN,GOLF,ELECTRIC,,14.0,0
VOLKSWAGEN,GOLF,LPG,5.8,,154
VOLKSWAGEN,GOLF,NG,5.7,,106
VOLKSWAGEN,GOLF,PETROL,5.9,,131
VOLKSWAGEN,GOLF,PETROL/ELECTRIC,1.2,13.7,30
VOLKSWAGEN,GOLF PLUS,DIESEL,4.8,,127
VOLKSWAGEN,GOLF PLUS,PETROL,6.2,,143
VOLKSWAGEN,ID 3 PRO,ELECTRIC,,15.2,0
VOLKSWAGEN,ID 3 PURE,ELECTRIC,,14.5,0
VOLKSWAGEN,ID 4 GTX,ELECTRIC,,18.0,0
VOLKSWAGEN,ID 4 PRO,ELECTRIC,,17.0,0
VOLKSWAGEN,ID 4 PURE,ELECTRIC,,16.2,0
VOLKSWAGEN,ID 5 PRO,ELECTRIC,,16.6,0
VOLKSWAGEN,ID 7 TOURER GTX,ELECTRIC,,17.4,0
VOLKSWAGEN,ID 7 TOURER PRO,ELECTRIC,,14.9,0
VOLKSWAGEN,JETTA,DIESEL,4.4,,115
VOLKSWAGEN,JETTA,PETROL,5.5,,128
VOLKSWAGEN,KOMBI,DIESEL,7.4,,188
VOLKSWAGEN,KOMBI,NG,,,208
VOLKSWAGEN,KOMBI,PETROL,9.3,,216
VOLKSWAGEN,MULTIVAN,DIESEL,7.2,,196
VOLKSWAGEN,MULTIVAN,PETROL,8.6,,206
VOLKSWAGEN,MULTIVAN,PETROL/ELECTRIC,1.7,19.0,37
VOLKSWAGEN,PASSAT,DIESEL,5.1,,128
VOLKSWAGEN,PASSAT,E85,,,154
VOLKSWAGEN,PASSAT,NG,,,127
VOLKSWAGEN,PASSAT,PETROL,6.2,,142
VOLKSWAGEN,PASSAT,PETROL/ELECTRIC,1.1,15.2,31
VOLKSWAGEN,PHAETON,DIESEL,8.5,,225
VOLKSWAGEN,PHAETON,PETROL,12.7,,294
VOLKSWAGEN,POLO,DIESEL,4.1,,102
VOLKSWAGEN,POLO,LPG,5.4,,130
VOLKSWAGEN,POLO,NG,5.1,,100
VOLKSWAGEN,POLO,PETROL,5.4,,121
VOLKSWAGEN,SCIROCCO,DIESEL,4.8,,127
VOLKSWAGEN,SCIROCCO,PETROL,6.5,,151
VOLKSWAGEN,SHARAN,DIESEL,6.2,,150
VOLKSWAGEN,SHARAN,PETROL,8.4,,176
VOLKSWAGEN,T-CROSS,DIESEL,4.4,,141
VOLKSWAGEN,T-CROSS,PETROL,5.8,,137
VOLKSWAGEN,T-ROC,DIESEL,4.9,,141
VOLKSWAGEN,T-ROC,PETROL,6.2,,144
VOLKSWAGEN,TAIGO,PETROL,5.7,,130
VOLKSWAGEN,TAYRON,DIESEL,6.2,,164
VOLKSWAGEN,TAYRON,PETROL,6.8,,157
VOLKSWAGEN,TAYRON,PETROL/ELECTRIC,0.6,17.6,15
VOLKSWAGEN,TIGUAN,DIESEL,5.8,,151
VOLKSWAGEN,TIGUAN,PETROL,6.9,,161
VOLKSWAGEN,TIGUAN,PETROL/ELECTRIC,1.3,16.9,25
VOLKSWAGEN,TOUAREG,DIESEL,8.2,,198
VOLKSWAGEN,TOUAREG,PETROL,10.6,,229
VOLKSWAGEN,TOUAREG,PETROL/ELECTRIC,2.5,24.3,62
VOLKSWAGEN,TOURAN,DIESEL,5.4,,132
VOLKSWAGEN,TOURAN,NG,,,128
VOLKSWAGEN,TOURAN,PETROL,6.6,,145
VOLKSWAGEN,UP!,ELECTRIC,,13.0,0
VOLKSWAGEN,UP!,LPG,,,105
VOLKSWAGEN,UP!,NG,4.9,,87
VOLKSWAGEN,UP!,PETROL,5.0,,105
VOLVO,C30,DIESEL,4.3,,114
VOLVO,C30,PETROL,7.5,,174
VOLVO,C40,ELECTRIC,,18.5,0
VOLVO,C70,DIESEL,6.2,,164
VOLVO,C70,PETROL,9.5,,220
VOLVO,EX30,ELECTRIC,,17.4,0
VOLVO,EX40,ELECTRIC,,17.3,0
VOLVO,S40,DIESEL,4.5,,118
VOLVO,S40,PETROL,7.5,,175
VOLVO,S60,DIESEL,4.6,,123
VOLVO,S60,PETROL,6.6,,158
VOLVO,S60,PETROL/ELECTRIC,1.1,16.0,37
VOLVO,S80,DIESEL,5.4,,143
VOLVO,S80,PETROL,8.5,,197
VOLVO,S90,DIESEL,5.8,,132
VOLVO,S90,PETROL,6.6,,162
VOLVO,S90,PETROL/ELECTRIC,1.1,16.5,44
VOLVO,V40,DIESEL,5.0,,101
VOLVO,V40,PETROL,5.9,,138
VOLVO,V50,DIESEL,4.4,,115
VOLVO,V50,E85,,,179
VOLVO,V50,PETROL,7.7,,179
VOLVO,V60,DIESEL,5.6,,131
VOLVO,V60,DIESEL/ELECTRIC,1.8,13.9,48
VOLVO,V60,E85,,,166
VOLVO,V60,NG,,,125
VOLVO,V60,PETROL,6.5,,156
VOLVO,V60,PETROL/ELECTRIC,0.9,16.5,35
VOLVO,V70,DIESEL,5.1,,136
VOLVO,V70,E85,,,175
VOLVO,V70,NG,,,160
VOLVO,V70,PETROL,7.8,,182
VOLVO,V90,DIESEL,6.1,,146
VOLVO,V90,NG,,,112
VOLVO,V90,PETROL,7.4,,173
VOLVO,V90,PETROL/ELECTRIC,1.0,16.7,40
VOLVO,XC40,DIESEL,5.0,,159
VOLVO,XC40,ELECTRIC,,19.4,0
VOLVO,XC40,PETROL,6.8,,164
VOLVO,XC40,PETROL/ELECTRIC,2.1,15.6,49
VOLVO,XC60,DIESEL,6.2,,153
VOLVO,XC60,PETROL,7.5,,183
VOLVO,XC60,PETROL/ELECTRIC,1.2,17.9,42
VOLVO,XC70,DIESEL,6.1,,162
VOLVO,XC70,PETROL,8.8,,204
VOLVO,XC90,DIESEL,6.8,,182
VOLVO,XC90,PETROL,7.9,,198
VOLVO,XC90,PETROL/ELECTRIC,1.6,18.9,53
